merge_reason,master_npi,merged_record_count,source_row_ids
same_npi,1063411239,2,"43,189"
same_npi,1073588711,2,"1378,1864"
same_npi,1073665360,2,"2262,2323"
same_npi,1083633184,3,"2523,3137,3409"
same_npi,1114025491,2,"1204,2370"
same_npi,1134128820,2,"3282,3448"
same_npi,1144203498,2,"2711,2713"
same_npi,1144248451,2,"4705,4765"
same_npi,1194749580,2,"589,2367"
same_npi,1235301797,2,"99,182"
same_npi,1235374612,2,"107,195"
same_npi,1275533747,2,"57,184"
same_npi,1285634915,2,"28,188"
same_npi,1326138314,2,"2804,4199"
same_npi,1386705804,2,"3370,3371"
same_npi,1407207632,2,"170,180"
same_npi,1437197985,2,"1420,2204"
same_npi,1467432765,2,"3916,3917"
same_npi,1467452011,2,"25,187"
same_npi,1477507432,2,"91,192"
same_npi,1477721058,6,"3308,3739,3740,3772,3773,4597"
same_npi,1528052578,2,"1878,1967"
same_npi,1528203049,2,"125,185"
same_npi,1538155825,2,"2971,3662"
same_npi,1548294424,2,"237,6847"
same_npi,1578664470,2,"1027,1900"
same_npi,1588009039,2,"145,181"
same_npi,1598710592,2,"70,193"
same_npi,1619969458,12,"2501,3792,3828,3829,3830,3831,3832,3923,3924,3925,3926,4508"
same_npi,1649276148,4,"4722,4826,4852,4854"
same_npi,1659536944,2,"176,194"
same_npi,1669445946,3,"4026,4035,4068"
same_npi,1669496345,4,"6351,6352,6354,7024"
same_npi,1669538047,2,"748,2023"
same_npi,1760424261,2,"178,179"
same_npi,1760594279,2,"6790,6862"
same_npi,1760870166,2,"159,191"
same_npi,1790846707,2,"81,186"
same_npi,1821055690,2,"5086,7150"
same_npi,1891752853,3,"3149,3850,3945"
same_npi,1912395203,2,"161,190"
same_npi,1912907635,2,"80,183"
same_npi,1912952367,2,"3328,3930"
same_npi,1982677548,2,"3296,4629"
same_npi,1992755664,2,"3510,4958"
