parent_npi,affiliated_entity_count,child_entity_types
1003030487,1,clinic
1003079799,28,clinic
1003102955,1,clinic
1003192311,2,clinic
1003201955,2,clinic
1003215401,4,clinic
1003232976,13,clinic
1003260480,3,clinic
1003280629,1,clinic
1003281452,2,clinic
1003282039,5,clinic
1003293911,2,clinic
1003318692,2,clinic
1003328113,2,clinic
1003344334,5,clinic
1003347279,2,clinic
1003397878,37,clinic
1003431602,5,clinic
1003465097,5,clinic
1003478462,12,clinic
1003478850,1,clinic
1003489212,1,clinic
1003814641,1,clinic
1003814971,1,clinic
1003819475,1,clinic
1003822487,3,clinic
1003824061,2,clinic
1003831132,1,clinic
1003838384,8,clinic
1003851171,2,clinic
1003858176,10,clinic
1003858390,3,clinic
1003859380,2,clinic
1003862053,1,clinic
1003864810,1,clinic
1003865999,10,clinic
1003866740,16,clinic
1003873225,2,clinic
1003876491,1,clinic
1003878539,3,clinic
1003883158,1,clinic
1003885641,3,clinic
1003894122,1,clinic
1003896499,3,clinic
1003898313,1,clinic
1003913518,1,clinic
1003923434,7,clinic
1003925959,3,clinic
1003932369,1,clinic
1003933797,1,clinic
1003939190,2,clinic
1003945213,3,clinic
1003956913,7,clinic
1003965328,2,clinic
1003965435,1,clinic
1003968710,2,clinic
1003981549,2,clinic
1003986423,1,clinic
1003992967,1,clinic
1003996000,3,clinic
1003999152,1,clinic
1013010917,4,clinic
1013011618,5,clinic
1013012442,7,clinic
1013017839,10,clinic
1013027218,1,clinic
1013037910,3,clinic
1013048990,7,clinic
1013058882,3,clinic
1013060367,1,clinic
1013068808,2,clinic
1013087089,1,clinic
1013088756,4,clinic
1013091925,1,clinic
1013122571,9,clinic
1013140383,5,clinic
1013176544,1,clinic
1013227099,5,clinic
1013233741,6,clinic
1013251594,1,clinic
1013312511,5,clinic
1013332014,1,clinic
1013332584,1,clinic
1013346550,4,clinic
1013355254,2,clinic
1013372440,8,clinic
1013379460,7,clinic
1013382860,3,clinic
1013386143,1,clinic
1013468172,1,clinic
1013471614,1,clinic
1013499383,1,clinic
1013514199,5,clinic
1013905660,3,clinic
1013906239,5,clinic
1013912633,3,clinic
1013916352,8,clinic
1013919315,2,clinic
1013919620,1,clinic
1013919794,2,clinic
1013924372,7,clinic
1013925924,1,clinic
1013928068,2,clinic
1013937705,4,clinic
1013944479,20,clinic
1013954437,2,clinic
1013956259,1,clinic
1013957836,2,clinic
1013961408,5,clinic
1013961820,1,clinic
1013969179,2,clinic
1013972272,3,clinic
1013985399,5,clinic
1013989714,1,clinic
1013993559,1,clinic
1013995133,5,clinic
1013995521,2,clinic
1013996750,2,clinic
1013998426,4,clinic
1013999705,2,clinic
1023000569,1,clinic
1023003720,2,clinic
1023010113,1,clinic
1023011657,1,clinic
1023013448,8,clinic
1023013935,1,clinic
1023019718,1,clinic
1023032588,7,clinic
1023043270,1,clinic
1023046612,2,clinic
1023055191,1,clinic
1023057775,1,clinic
1023061405,2,clinic
1023061496,24,clinic
1023062098,11,clinic
1023064300,1,clinic
1023065729,1,clinic
1023069697,2,clinic
1023079092,1,clinic
1023093234,1,clinic
1023097771,9,clinic
1023112331,2,clinic
1023114469,1,clinic
1023138781,1,clinic
1023146917,2,clinic
1023150927,1,clinic
1023171634,1,clinic
1023172921,1,clinic
1023185329,2,clinic
1023187416,1,clinic
1023191467,1,clinic
1023193422,1,clinic
1023193901,1,clinic
1023193968,1,clinic
1023194271,3,clinic
1023207750,5,clinic
1023301199,1,clinic
1023353752,2,clinic
1023363348,1,clinic
1023420726,3,clinic
1023436102,4,clinic
1023593746,6,clinic
1023603214,7,clinic
1023655321,1,clinic
1033102942,2,clinic
1033107826,2,clinic
1033113402,7,clinic
1033117635,3,clinic
1033118104,4,clinic
1033124961,2,clinic
1033125687,9,clinic
1033132014,11,clinic
1033138136,4,clinic
1033139431,1,clinic
1033141148,5,clinic
1033153309,2,clinic
1033154026,3,clinic
1033159173,5,clinic
1033160049,1,clinic
1033163092,5,clinic
1033164926,1,clinic
1033166442,5,clinic
1033176276,1,clinic
1033185293,1,clinic
1033210166,10,clinic
1033213624,1,clinic
1033214416,35,clinic
1033215504,3,clinic
1033225172,1,clinic
1033225875,1,clinic
1033228168,2,clinic
1033229158,3,clinic
1033229240,1,clinic
1033263835,1,clinic
1033270699,10,clinic
1033272398,1,clinic
1033281514,1,clinic
1033284666,1,clinic
1033289707,1,clinic
1033291927,1,clinic
1033294723,1,clinic
1033302641,5,clinic
1033354147,1,clinic
1033421664,4,clinic
1033434196,1,clinic
1033592662,2,clinic
1033596234,6,clinic
1033622642,1,clinic
1033635263,3,clinic
1033636865,1,clinic
1033681630,6,clinic
1033693569,5,clinic
1033698543,2,clinic
1033710116,1,clinic
1033744743,1,clinic
1033750484,1,clinic
1033770284,2,clinic
1043200736,4,clinic
1043204555,4,clinic
1043206543,1,clinic
1043215437,1,clinic
1043216773,4,clinic
1043217615,4,clinic
1043218944,5,clinic
1043224355,5,clinic
1043233984,1,clinic
1043240682,1,clinic
1043240922,1,clinic
1043257918,8,clinic
1043262488,1,clinic
1043263080,6,clinic
1043263221,1,clinic
1043264351,1,clinic
1043267701,5,clinic
1043267727,2,clinic
1043270564,3,clinic
1043272750,6,clinic
1043273774,1,clinic
1043274475,1,clinic
1043280696,2,clinic
1043280951,2,clinic
1043282338,1,clinic
1043283757,1,clinic
1043287030,1,clinic
1043293608,1,clinic
1043293871,1,clinic
1043297401,5,clinic
1043299662,1,clinic
1043304975,8,clinic
1043309552,3,clinic
1043311715,15,clinic
1043324908,2,clinic
1043343304,1,clinic
1043354111,1,clinic
1043358120,1,clinic
1043389034,5,clinic
1043390438,9,clinic
1043394745,4,clinic
1043395742,2,clinic
1043397292,1,clinic
1043449143,3,clinic
1043457955,17,clinic
1043514417,1,clinic
1043533706,2,clinic
1043632938,4,clinic
1043659816,1,clinic
1043742596,2,clinic
1043762578,3,clinic
1043778319,12,clinic
1043805732,1,clinic
1043837297,2,clinic
1043878325,1,clinic
1053301127,1,clinic
1053301754,1,clinic
1053309120,6,clinic
1053317362,1,clinic
1053328781,2,clinic
1053332213,10,clinic
1053340158,1,clinic
1053342220,1,clinic
1053346320,4,clinic
1053347955,12,clinic
1053348532,1,clinic
1053350306,8,clinic
1053350462,1,clinic
1053353490,1,clinic
1053356352,2,clinic
1053358176,2,clinic
1053358945,1,clinic
1053359729,5,clinic
1053363119,5,clinic
1053363853,1,clinic
1053364703,3,clinic
1053366625,3,clinic
1053373480,8,clinic
1053375253,1,clinic
1053375576,1,clinic
1053381483,1,clinic
1053382655,1,clinic
1053384776,4,clinic
1053388256,4,clinic
1053391359,3,clinic
1053393231,20,clinic
1053414037,1,clinic
1053447086,1,clinic
1053450791,1,clinic
1053461376,3,clinic
1053475004,6,clinic
1053477075,8,clinic
1053481861,6,clinic
1053487884,9,clinic
1053488387,1,clinic
1053496893,2,clinic
1053497214,2,clinic
1053499350,1,clinic
1053508820,1,clinic
1053582528,1,clinic
1053672527,1,clinic
1053683185,3,clinic
1053686733,1,clinic
1053698399,2,clinic
1053704577,2,clinic
1053716258,4,clinic
1053724674,4,clinic
1053732024,4,clinic
1053776591,1,clinic
1053784454,1,clinic
1053824292,15,clinic
1053830885,3,clinic
1053839233,2,clinic
1053844761,4,clinic
1053854653,1,clinic
1053873307,1,clinic
1053885392,1,clinic
1053894022,4,clinic
1053933457,1,clinic
1053997338,2,clinic
1063062891,1,clinic
1063185502,4,clinic
1063400539,2,clinic
1063406551,15,clinic
1063411767,3,clinic
1063414233,1,clinic
1063415800,1,clinic
1063418424,4,clinic
1063419018,1,clinic
1063422053,1,clinic
1063422962,3,clinic
1063426377,13,clinic
1063431286,2,clinic
1063441269,5,clinic
1063443455,4,clinic
1063457380,1,clinic
1063463156,8,clinic
1063463958,2,clinic
1063466035,4,clinic
1063466563,13,clinic
1063466589,9,clinic
1063470763,1,clinic
1063471639,5,clinic
1063479145,1,clinic
1063482412,3,clinic
1063484483,1,clinic
1063486058,9,clinic
1063489219,1,clinic
1063489342,1,clinic
1063489458,1,clinic
1063495190,11,clinic
1063495836,1,clinic
1063497188,1,clinic
1063498889,1,clinic
1063531465,10,clinic
1063545283,18,clinic
1063559912,1,clinic
1063567956,1,clinic
1063595486,1,clinic
1063598175,1,clinic
1063599165,1,clinic
1063620870,1,clinic
1063657963,23,clinic
1063663607,1,clinic
1063700243,1,clinic
1063713659,8,clinic
1063737765,2,clinic
1063796688,1,clinic
1063836963,2,clinic
1063900975,2,clinic
1063917326,2,clinic
1063929115,2,clinic
1063938439,2,clinic
1063968196,6,clinic
1063989010,11,clinic
1063990901,2,clinic
1073023065,7,clinic
1073058939,1,clinic
1073094660,2,clinic
1073506184,6,clinic
1073510277,5,clinic
1073512000,1,clinic
1073516183,3,clinic
1073516357,1,clinic
1073518007,2,clinic
1073519443,4,clinic
1073521944,1,clinic
1073523635,2,clinic
1073524690,1,clinic
1073525341,2,clinic
1073535027,4,clinic
1073547154,2,clinic
1073550133,1,clinic
1073550166,5,clinic
1073552022,6,clinic
1073553756,4,clinic
1073555462,1,clinic
1073556387,1,clinic
1073566246,3,clinic
1073566949,2,clinic
1073567608,7,clinic
1073568754,5,clinic
1073568978,4,clinic
1073570552,3,clinic
1073576740,3,clinic
1073580130,1,clinic
1073581005,2,clinic
1073581872,1,clinic
1073584058,6,clinic
1073584751,1,clinic
1073584819,1,clinic
1073588711,4,clinic
1073597126,3,clinic
1073598439,3,clinic
1073601043,2,clinic
1073622007,1,clinic
1073627584,1,clinic
1073636700,3,clinic
1073647384,1,clinic
1073651576,1,clinic
1073658605,1,clinic
1073668364,1,clinic
1073687406,1,clinic
1073696571,1,clinic
1073698262,1,clinic
1073817714,4,clinic
1073858262,2,clinic
1073893020,4,clinic
1073954186,3,clinic
1073967329,4,clinic
1083010953,3,clinic
1083013478,1,clinic
1083021877,1,clinic
1083048417,1,clinic
1083067433,1,clinic
1083112023,5,clinic
1083143747,1,clinic
1083151237,1,clinic
1083157275,1,clinic
1083174973,8,clinic
1083224596,2,clinic
1083236376,11,clinic
1083236921,2,clinic
1083274153,4,clinic
1083286801,19,clinic
1083601330,10,clinic
1083609150,2,clinic
1083612121,1,clinic
1083612881,2,clinic
1083617120,1,clinic
1083617807,2,clinic
1083620199,1,clinic
1083620827,2,clinic
1083621130,3,clinic
1083622120,4,clinic
1083623144,65,clinic
1083637201,1,clinic
1083644579,1,clinic
1083650584,1,clinic
1083654883,2,clinic
1083655625,1,clinic
1083655997,1,clinic
1083659734,2,clinic
1083661409,1,clinic
1083668669,3,clinic
1083668719,1,clinic
1083684856,2,clinic
1083685986,2,clinic
1083687651,4,clinic
1083692594,1,clinic
1083696710,5,clinic
1083708226,1,clinic
1083709109,1,clinic
1083709653,6,clinic
1083710982,4,clinic
1083715841,1,clinic
1083728612,1,clinic
1083732853,8,clinic
1083759633,1,clinic
1083776140,2,clinic
1083778302,4,clinic
1083796213,29,clinic
1083888515,1,clinic
1083888663,1,clinic
1083903744,4,clinic
1083915524,2,clinic
1083931109,5,clinic
1083936629,1,clinic
1083941678,3,clinic
1083942098,1,clinic
1083997779,8,clinic
1093010936,3,clinic
1093021719,1,clinic
1093046005,1,clinic
1093079303,2,clinic
1093087157,16,clinic
1093099582,6,clinic
1093140600,1,clinic
1093165631,2,clinic
1093191397,1,clinic
1093225369,2,clinic
1093248486,5,clinic
1093275786,5,clinic
1093288292,1,clinic
1093298580,7,clinic
1093308439,2,clinic
1093379992,3,clinic
1093705428,3,clinic
1093713521,3,clinic
1093714073,1,clinic
1093716979,16,clinic
1093718728,5,clinic
1093719932,1,clinic
1093743874,1,clinic
1093745051,1,clinic
1093748162,3,clinic
1093748642,3,clinic
1093749889,3,clinic
1093752057,1,clinic
1093753873,1,clinic
1093763518,1,clinic
1093763781,4,clinic
1093768962,1,clinic
1093781544,2,clinic
1093783391,4,clinic
1093785859,6,clinic
1093792830,1,clinic
1093801797,1,clinic
1093810442,1,clinic
1093821514,1,clinic
1093839839,2,clinic
1093843328,1,clinic
1093851461,1,clinic
1093858896,2,clinic
1093871329,5,clinic
1093875270,1,clinic
1093892275,1,clinic
1093896961,2,clinic
1093924458,1,clinic
1093945412,3,clinic
1093955296,2,clinic
1093968372,1,clinic
1104005990,1,clinic
1104059153,1,clinic
1104075704,2,clinic
1104080621,11,clinic
1104097021,1,clinic
1104114925,7,clinic
1104132174,3,clinic
1104192590,1,clinic
1104199017,6,clinic
1104234376,1,clinic
1104246982,1,clinic
1104286780,1,clinic
1104295864,11,clinic
1104358811,2,clinic
1104383371,1,clinic
1104391119,4,clinic
1104472372,1,clinic
1104808062,1,clinic
1104812684,3,clinic
1104822915,3,clinic
1104824739,1,clinic
1104828383,1,clinic
1104828623,1,clinic
1104830900,7,clinic
1104834977,1,clinic
1104845015,1,clinic
1104850700,7,clinic
1104856095,3,clinic
1104856889,1,clinic
1104859131,5,clinic
1104867738,1,clinic
1104870245,1,clinic
1104873710,2,clinic
1104874684,2,clinic
1104875103,1,clinic
1104879444,2,clinic
1104881507,3,clinic
1104890714,5,clinic
1104897859,6,clinic
1104899442,2,clinic
1104901792,3,clinic
1104903103,1,clinic
1104906569,5,clinic
1104914274,5,clinic
1104950039,4,clinic
1104982917,1,clinic
1104987726,2,clinic
1104988757,1,clinic
1104989466,1,clinic
1104998624,1,clinic
1114003175,1,clinic
1114005535,1,clinic
1114012002,3,clinic
1114012804,1,clinic
1114015971,5,clinic
1114021292,10,clinic
1114025012,18,clinic
1114040128,3,clinic
1114043858,4,clinic
1114054301,1,clinic
1114067832,1,clinic
1114070026,2,clinic
1114085297,1,clinic
1114095049,2,clinic
1114098746,2,clinic
1114179025,2,clinic
1114223880,3,clinic
1114239068,13,clinic
1114265519,11,clinic
1114268810,1,clinic
1114292141,1,clinic
1114340080,3,clinic
1114367497,2,clinic
1114430311,6,clinic
1114435260,4,clinic
1114481447,5,clinic
1114547114,12,clinic
1114548930,3,clinic
1114581550,4,clinic
1114903523,4,clinic
1114916954,4,clinic
1114917564,2,clinic
1114919339,8,clinic
1114921160,2,clinic
1114922341,6,clinic
1114923406,1,clinic
1114924834,15,clinic
1114925047,1,clinic
1114928108,1,clinic
1114928926,4,clinic
1114931342,1,clinic
1114932548,23,clinic
1114935681,1,clinic
1114942364,1,clinic
1114953619,5,clinic
1114954682,1,clinic
1114960093,1,clinic
1114964111,1,clinic
1114964244,7,clinic
1114971660,7,clinic
1114974029,2,clinic
1114974813,1,clinic
1114979770,2,clinic
1114984671,2,clinic
1114993086,30,clinic
1114998911,3,clinic
1124005061,14,clinic
1124007240,11,clinic
1124014931,5,clinic
1124016696,20,clinic
1124023015,1,clinic
1124026182,1,clinic
1124026273,2,clinic
1124028972,8,clinic
1124032982,9,clinic
1124035225,1,clinic
1124052162,4,clinic
1124063573,1,clinic
1124070966,2,clinic
1124071980,10,clinic
1124072715,1,clinic
1124073879,3,clinic
1124076039,1,clinic
1124084678,1,clinic
1124089743,1,clinic
1124090659,3,clinic
1124092036,11,clinic
1124108568,1,clinic
1124167200,1,clinic
1124182902,4,clinic
1124184494,3,clinic
1124192109,4,clinic
1124193511,2,clinic
1124194832,1,clinic
1124208301,2,clinic
1124252291,4,clinic
1124254941,1,clinic
1124272547,1,clinic
1124274436,4,clinic
1124305065,1,clinic
1124320726,2,clinic
1124325287,1,clinic
1124355128,6,clinic
1124369137,1,clinic
1124374079,8,clinic
1124443478,11,clinic
1124456967,4,clinic
1124474440,2,clinic
1124486857,6,clinic
1124487541,2,clinic
1124596382,3,clinic
1124623889,2,clinic
1124669262,2,clinic
1124672704,6,clinic
1134108053,2,clinic
1134116049,5,clinic
1134117575,2,clinic
1134118250,3,clinic
1134128499,1,clinic
1134133622,2,clinic
1134142136,8,clinic
1134146939,5,clinic
1134152549,3,clinic
1134158900,4,clinic
1134161623,2,clinic
1134166036,1,clinic
1134166192,1,clinic
1134168016,1,clinic
1134172000,3,clinic
1134172406,1,clinic
1134178999,2,clinic
1134183171,1,clinic
1134186315,1,clinic
1134187842,1,clinic
1134188907,1,clinic
1134191653,4,clinic
1134199417,2,clinic
1134206386,1,clinic
1134207392,2,clinic
1134218167,6,clinic
1134220031,1,clinic
1134222565,1,clinic
1134227606,1,clinic
1134266679,3,clinic
1134280860,1,clinic
1134281280,7,clinic
1134281314,1,clinic
1134327182,1,clinic
1134371628,3,clinic
1134417439,7,clinic
1134474737,1,clinic
1134475940,6,clinic
1134521412,5,clinic
1134569650,1,clinic
1134585656,2,clinic
1134632680,1,clinic
1134634116,2,clinic
1134684814,16,clinic
1134687981,44,clinic
1134767882,3,clinic
1134783913,2,clinic
1134893852,1,clinic
1144205360,4,clinic
1144211020,1,clinic
1144212556,1,clinic
1144223702,2,clinic
1144227539,2,clinic
1144228446,23,clinic
1144228610,2,clinic
1144231432,1,clinic
1144236571,2,clinic
1144237272,11,clinic
1144238908,2,clinic
1144240193,1,clinic
1144251059,2,clinic
1144251216,21,clinic
1144251489,1,clinic
1144251638,1,clinic
1144254525,16,clinic
1144255159,2,clinic
1144261728,3,clinic
1144262114,1,clinic
1144263443,1,clinic
1144266024,2,clinic
1144268723,2,clinic
1144274226,3,clinic
1144274879,2,clinic
1144282583,6,clinic
1144286352,1,clinic
1144286402,4,clinic
1144291899,27,clinic
1144292244,1,clinic
1144293705,1,clinic
1144298795,5,clinic
1144329152,1,clinic
1144381328,5,clinic
1144396193,1,clinic
1144397134,1,clinic
1144415589,2,clinic
1144490160,9,clinic
1144498643,3,clinic
1144526997,3,clinic
1144557927,2,clinic
1144625153,1,clinic
1144664954,1,clinic
1144695081,5,clinic
1144742537,1,clinic
1144776329,4,clinic
1144781501,1,clinic
1144793654,1,clinic
1144842394,5,clinic
1154302487,5,clinic
1154304475,1,clinic
1154307155,2,clinic
1154308005,6,clinic
1154309169,5,clinic
1154312981,1,clinic
1154314656,1,clinic
1154315307,4,clinic
1154317774,1,clinic
1154324507,1,clinic
1154324952,3,clinic
1154329753,1,clinic
1154330140,2,clinic
1154350049,1,clinic
1154352169,1,clinic
1154353993,1,clinic
1154355188,2,clinic
1154361475,6,clinic
1154361814,1,clinic
1154364719,9,clinic
1154365062,2,clinic
1154367001,2,clinic
1154372340,3,clinic
1154372498,2,clinic
1154373843,1,clinic
1154375178,1,clinic
1154378859,4,clinic
1154386431,1,clinic
1154392231,2,clinic
1154393114,1,clinic
1154395820,1,clinic
1154399749,1,clinic
1154408250,1,clinic
1154415024,2,clinic
1154417368,6,clinic
1154419737,3,clinic
1154423523,1,clinic
1154425601,1,clinic
1154435824,1,clinic
1154438588,3,clinic
1154464980,1,clinic
1154482628,2,clinic
1154500510,1,clinic
1154504892,1,clinic
1154515591,1,clinic
1154517803,1,clinic
1154535342,4,clinic
1154551919,3,clinic
1154571859,5,clinic
1154612638,1,clinic
1154615573,1,clinic
1154618742,1,clinic
1154688315,1,clinic
1154692846,1,clinic
1154735686,4,clinic
1154741577,2,clinic
1154745685,2,clinic
1154747566,4,clinic
1154748416,1,clinic
1154790327,1,clinic
1154795581,2,clinic
1154807584,6,clinic
1154868693,4,clinic
1154876985,1,clinic
1154893675,2,clinic
1154965630,8,clinic
1154978930,5,clinic
1164028692,4,clinic
1164037990,4,clinic
1164400024,1,clinic
1164403622,4,clinic
1164403861,1,clinic
1164410288,5,clinic
1164426896,1,clinic
1164428066,1,clinic
1164428967,2,clinic
1164430039,2,clinic
1164430567,1,clinic
1164436283,1,clinic
1164451613,6,clinic
1164469243,3,clinic
1164471678,1,clinic
1164474755,4,clinic
1164476867,3,clinic
1164477055,7,clinic
1164485363,2,clinic
1164487542,2,clinic
1164493847,5,clinic
1164494027,1,clinic
1164495255,3,clinic
1164507752,6,clinic
1164512083,2,clinic
1164526786,4,clinic
1164540555,1,clinic
1164573796,1,clinic
1164578662,1,clinic
1164592861,11,clinic
1164595773,4,clinic
1164688495,1,clinic
1164744736,3,clinic
1164746392,1,clinic
1164798708,3,clinic
1164821559,3,clinic
1164827093,2,clinic
1164833398,7,clinic
1164911764,1,clinic
1164930525,1,clinic
1164993457,1,clinic
1174021695,4,clinic
1174035604,6,clinic
1174038749,1,clinic
1174059208,9,clinic
1174500458,8,clinic
1174512792,8,clinic
1174513394,1,clinic
1174516041,1,clinic
1174522114,15,clinic
1174522494,1,clinic
1174529002,1,clinic
1174530349,3,clinic
1174551147,22,clinic
1174553796,1,clinic
1174555692,4,clinic
1174563779,2,clinic
1174570683,5,clinic
1174571129,1,clinic
1174573802,2,clinic
1174576698,3,clinic
1174579155,4,clinic
1174580831,4,clinic
1174581151,1,clinic
1174594840,1,clinic
1174599468,1,clinic
1174605695,2,clinic
1174618953,3,clinic
1174620629,1,clinic
1174630081,1,clinic
1174640734,1,clinic
1174650766,1,clinic
1174650824,2,clinic
1174658025,1,clinic
1174667158,12,clinic
1174668164,1,clinic
1174685705,2,clinic
1174687040,1,clinic
1174689467,4,clinic
1174692156,1,clinic
1174720130,2,clinic
1174796064,1,clinic
1174937668,3,clinic
1174977557,6,clinic
1174979108,1,clinic
1184005290,2,clinic
1184042822,1,clinic
1184044430,2,clinic
1184071532,1,clinic
1184106601,1,clinic
1184132524,2,clinic
1184135758,10,clinic
1184148959,1,clinic
1184157034,1,clinic
1184179194,2,clinic
1184214512,6,clinic
1184233785,4,clinic
1184262800,8,clinic
1184272700,2,clinic
1184601221,3,clinic
1184606600,1,clinic
1184607897,1,clinic
1184612194,1,clinic
1184612764,6,clinic
1184616740,4,clinic
1184621096,1,clinic
1184621211,7,clinic
1184628919,13,clinic
1184630519,3,clinic
1184631673,1,clinic
1184639973,1,clinic
1184644023,1,clinic
1184647620,1,clinic
1184654923,7,clinic
1184655581,5,clinic
1184659153,1,clinic
1184659229,6,clinic
1184661282,13,clinic
1184662652,5,clinic
1184679292,7,clinic
1184687790,2,clinic
1184695389,2,clinic
1184697807,1,clinic
1184706152,1,clinic
1184709057,8,clinic
1184712085,2,clinic
1184717837,2,clinic
1184722779,9,clinic
1184725194,1,clinic
1184726390,3,clinic
1184731804,1,clinic
1184750192,9,clinic
1184766073,1,clinic
1184783425,2,clinic
1184789034,3,clinic
1184815466,1,clinic
1184844185,1,clinic
1184844938,1,clinic
1184873135,14,clinic
1184967523,1,clinic
1184993727,1,clinic
1184997447,2,clinic
1194088112,1,clinic
1194159525,3,clinic
1194194720,3,clinic
1194206748,1,clinic
1194211037,1,clinic
1194242990,1,clinic
1194249961,1,clinic
1194283044,2,clinic
1194290106,3,clinic
1194316810,4,clinic
1194353870,1,clinic
1194368167,4,clinic
1194373571,1,clinic
1194705202,2,clinic
1194705210,2,clinic
1194706655,9,clinic
1194711952,2,clinic
1194713404,4,clinic
1194713461,6,clinic
1194722389,3,clinic
1194724658,5,clinic
1194725309,7,clinic
1194731935,1,clinic
1194736587,1,clinic
1194741611,4,clinic
1194743013,3,clinic
1194744326,1,clinic
1194749580,1,clinic
1194758284,2,clinic
1194766543,2,clinic
1194770404,2,clinic
1194771030,2,clinic
1194774299,3,clinic
1194776351,2,clinic
1194776757,3,clinic
1194782409,4,clinic
1194786970,5,clinic
1194787218,4,clinic
1194790055,8,clinic
1194792762,1,clinic
1194799023,1,clinic
1194826081,15,clinic
1194827451,1,clinic
1194838821,1,clinic
1194840421,14,clinic
1194869297,2,clinic
1194889097,10,clinic
1194890103,3,clinic
1194893263,1,clinic
1194894840,1,clinic
1194900654,1,clinic
1194907493,2,clinic
1194929471,2,clinic
1205013000,1,clinic
1205018439,1,clinic
1205035771,1,clinic
1205076528,1,clinic
1205089026,13,clinic
1205102571,4,clinic
1205112539,2,clinic
1205164928,1,clinic
1205229994,1,clinic
1205251204,1,clinic
1205257029,2,clinic
1205263423,5,clinic
1205283538,4,clinic
1205284411,6,clinic
1205307378,11,clinic
1205342755,2,clinic
1205454006,3,clinic
1205482023,1,clinic
1205483716,2,clinic
1205488996,5,clinic
1205494101,2,clinic
1205822186,2,clinic
1205832003,1,clinic
1205833985,1,clinic
1205834694,15,clinic
1205837218,2,clinic
1205837770,1,clinic
1205845567,13,clinic
1205846037,1,clinic
1205859766,6,clinic
1205860335,1,clinic
1205863255,7,clinic
1205867686,7,clinic
1205873486,2,clinic
1205877172,2,clinic
1205879095,7,clinic
1205880200,1,clinic
1205882503,2,clinic
1205882669,4,clinic
1205884723,1,clinic
1205887924,1,clinic
1205889458,1,clinic
1205896446,1,clinic
1205923539,2,clinic
1205931573,1,clinic
1205935012,3,clinic
1205987898,1,clinic
1215005129,1,clinic
1215006101,7,clinic
1215012828,1,clinic
1215013065,1,clinic
1215027966,2,clinic
1215030697,4,clinic
1215042114,5,clinic
1215054713,1,clinic
1215062633,2,clinic
1215100458,21,clinic
1215125463,1,clinic
1215182928,4,clinic
1215194204,1,clinic
1215332762,6,clinic
1215359922,4,clinic
1215373626,7,clinic
1215390513,1,clinic
1215394523,8,clinic
1215444054,2,clinic
1215449954,1,clinic
1215475124,3,clinic
1215479357,2,clinic
1215490842,3,clinic
1215534466,4,clinic
1215900618,4,clinic
1215901970,1,clinic
1215902168,1,clinic
1215903018,2,clinic
1215907522,5,clinic
1215911946,2,clinic
1215917224,1,clinic
1215918560,1,clinic
1215921457,9,clinic
1215927470,30,clinic
1215935366,1,clinic
1215936927,2,clinic
1215937982,1,clinic
1215939335,10,clinic
1215947387,1,clinic
1215965249,2,clinic
1215969787,1,clinic
1215974134,6,clinic
1215977954,4,clinic
1215979190,3,clinic
1215996632,4,clinic
1225016561,3,clinic
1225017486,1,clinic
1225020605,2,clinic
1225031495,2,clinic
1225033814,4,clinic
1225034333,1,clinic
1225036346,5,clinic
1225039399,2,clinic
1225046709,3,clinic
1225048838,2,clinic
1225050396,1,clinic
1225056146,6,clinic
1225060312,7,clinic
1225062193,1,clinic
1225068935,2,clinic
1225072853,1,clinic
1225081516,3,clinic
1225082209,3,clinic
1225085871,1,clinic
1225086028,7,clinic
1225089592,1,clinic
1225091317,1,clinic
1225091697,1,clinic
1225109762,1,clinic
1225113442,3,clinic
1225122047,2,clinic
1225125859,3,clinic
1225150956,1,clinic
1225159601,1,clinic
1225195340,2,clinic
1225199128,3,clinic
1225272552,9,clinic
1225289895,3,clinic
1225301823,3,clinic
1225321508,5,clinic
1225361181,1,clinic
1225380967,1,clinic
1225388507,1,clinic
1225417421,1,clinic
1225439508,3,clinic
1225439821,1,clinic
1225441173,1,clinic
1225499379,2,clinic
1225513948,2,clinic
1225517279,16,clinic
1225556947,1,clinic
1225559610,3,clinic
1225583115,2,clinic
1225662927,6,clinic
1225684368,1,clinic
1235109778,1,clinic
1235115031,1,clinic
1235118852,2,clinic
1235120676,6,clinic
1235129214,5,clinic
1235133109,1,clinic
1235135450,2,clinic
1235138405,1,clinic
1235139312,1,clinic
1235145392,2,clinic
1235148594,3,clinic
1235162645,3,clinic
1235174327,2,clinic
1235181744,3,clinic
1235193269,2,clinic
1235196510,4,clinic
1235199084,1,clinic
1235203399,1,clinic
1235211301,1,clinic
1235212721,6,clinic
1235230046,12,clinic
1235231697,1,clinic
1235239229,1,clinic
1235248071,4,clinic
1235252602,4,clinic
1235253816,2,clinic
1235283607,1,clinic
1235290818,3,clinic
1235387044,1,clinic
1235406455,1,clinic
1235417288,6,clinic
1235437401,5,clinic
1235447970,1,clinic
1235453192,2,clinic
1235516097,2,clinic
1235553066,11,clinic
1235567504,1,clinic
1235635533,2,clinic
1235663899,1,clinic
1235669110,1,clinic
1235685892,1,clinic
1235686791,6,clinic
1235724626,2,clinic
1245201656,2,clinic
1245203942,3,clinic
1245211168,2,clinic
1245214477,7,clinic
1245216852,1,clinic
1245220052,2,clinic
1245221050,2,clinic
1245227479,8,clinic
1245237486,3,clinic
1245237593,2,clinic
1245244276,1,clinic
1245251222,1,clinic
1245256189,1,clinic
1245273853,1,clinic
1245274950,1,clinic
1245292788,1,clinic
1245299726,6,clinic
1245311695,9,clinic
1245322809,2,clinic
1245335629,4,clinic
1245337286,3,clinic
1245343680,2,clinic
1245346741,1,clinic
1245361666,1,clinic
1245363662,3,clinic
1245370717,19,clinic
1245373455,1,clinic
1245387844,1,clinic
1245389980,1,clinic
1245401561,1,clinic
1245430065,3,clinic
1245446699,3,clinic
1245520386,1,clinic
1245543032,1,clinic
1245631944,8,clinic
1245655638,8,clinic
1245667229,2,clinic
1245756410,3,clinic
1245785567,10,clinic
1245786367,6,clinic
1245789981,3,clinic
1245826254,1,clinic
1245865880,12,clinic
1245870682,5,clinic
1255300414,1,clinic
1255300836,2,clinic
1255302766,4,clinic
1255302923,1,clinic
1255305843,3,clinic
1255317590,9,clinic
1255317848,4,clinic
1255325817,5,clinic
1255327201,1,clinic
1255328621,1,clinic
1255334660,1,clinic
1255336731,11,clinic
1255337309,2,clinic
1255339867,3,clinic
1255354288,1,clinic
1255354700,4,clinic
1255355020,7,clinic
1255360160,3,clinic
1255368593,1,clinic
1255370144,4,clinic
1255372397,9,clinic
1255376828,2,clinic
1255377149,1,clinic
1255378337,2,clinic
1255379061,1,clinic
1255380127,3,clinic
1255384533,1,clinic
1255387403,4,clinic
1255387726,3,clinic
1255391611,1,clinic
1255401519,10,clinic
1255406369,2,clinic
1255419651,2,clinic
1255421210,1,clinic
1255422416,2,clinic
1255428736,4,clinic
1255429338,1,clinic
1255436028,11,clinic
1255455390,1,clinic
1255476578,1,clinic
1255483335,2,clinic
1255498796,1,clinic
1255579389,3,clinic
1255602876,37,clinic
1255637286,4,clinic
1255791026,1,clinic
1255791885,3,clinic
1255866687,3,clinic
1255938676,1,clinic
1255959144,1,clinic
1255991238,3,clinic
1265023170,9,clinic
1265044333,7,clinic
1265046908,2,clinic
1265063010,1,clinic
1265091003,10,clinic
1265402390,1,clinic
1265404958,1,clinic
1265409163,2,clinic
1265413405,3,clinic
1265421226,7,clinic
1265422901,2,clinic
1265423917,9,clinic
1265425359,2,clinic
1265426704,5,clinic
1265431829,5,clinic
1265437644,1,clinic
1265449870,1,clinic
1265460232,1,clinic
1265461511,11,clinic
1265466957,8,clinic
1265468946,8,clinic
1265469506,1,clinic
1265481576,1,clinic
1265485817,2,clinic
1265486278,16,clinic
1265493720,2,clinic
1265502538,1,clinic
1265502686,1,clinic
1265512917,1,clinic
1265516462,2,clinic
1265527337,7,clinic
1265529614,1,clinic
1265529887,2,clinic
1265532915,1,clinic
1265534630,1,clinic
1265539498,10,clinic
1265549646,7,clinic
1265577191,11,clinic
1265578777,2,clinic
1265601561,3,clinic
1265612188,1,clinic
1265618979,1,clinic
1265695761,1,clinic
1265704449,3,clinic
1265740195,2,clinic
1265772362,2,clinic
1265811251,3,clinic
1265814065,12,clinic
1265820179,1,clinic
1265851455,2,clinic
1265863583,1,clinic
1265877567,3,clinic
1265897532,1,clinic
1265906663,3,clinic
1275083800,1,clinic
1275097123,5,clinic
1275129009,1,clinic
1275180424,1,clinic
1275504508,2,clinic
1275505372,1,clinic
1275506982,1,clinic
1275510141,4,clinic
1275510596,2,clinic
1275515579,2,clinic
1275523912,8,clinic
1275528614,8,clinic
1275531956,4,clinic
1275536799,2,clinic
1275538530,1,clinic
1275552812,1,clinic
1275557654,7,clinic
1275560617,1,clinic
1275562027,1,clinic
1275566200,8,clinic
1275570376,1,clinic
1275574931,9,clinic
1275575227,1,clinic
1275576381,7,clinic
1275576704,4,clinic
1275578817,6,clinic
1275580763,2,clinic
1275580938,10,clinic
1275581852,1,clinic
1275582306,1,clinic
1275583726,1,clinic
1275587263,14,clinic
1275588345,1,clinic
1275592131,1,clinic
1275593337,3,clinic
1275606113,3,clinic
1275609109,4,clinic
1275620809,6,clinic
1275638413,1,clinic
1275646150,2,clinic
1275700189,8,clinic
1275703241,2,clinic
1275708885,2,clinic
1275720377,4,clinic
1275796856,5,clinic
1275902124,1,clinic
1275920001,1,clinic
1275930851,2,clinic
1275957508,2,clinic
1285008219,1,clinic
1285041582,1,clinic
1285064907,2,clinic
1285094813,1,clinic
1285109298,2,clinic
1285164046,3,clinic
1285227629,1,clinic
1285253252,10,clinic
1285277814,5,clinic
1285600379,7,clinic
1285601088,9,clinic
1285613612,1,clinic
1285621623,1,clinic
1285621839,12,clinic
1285639062,8,clinic
1285641514,6,clinic
1285662239,7,clinic
1285662981,2,clinic
1285664177,1,clinic
1285667493,1,clinic
1285671248,2,clinic
1285671347,2,clinic
1285672204,1,clinic
1285676544,2,clinic
1285676932,1,clinic
1285677633,1,clinic
1285681841,1,clinic
1285685727,1,clinic
1285688267,10,clinic
1285693275,1,clinic
1285702274,1,clinic
1285717298,2,clinic
1285718478,1,clinic
1285719161,1,clinic
1285727297,2,clinic
1285732933,5,clinic
1285738732,3,clinic
1285742338,1,clinic
1285742536,1,clinic
1285759464,1,clinic
1285760363,2,clinic
1285785535,2,clinic
1285786228,4,clinic
1285803312,4,clinic
1285809509,2,clinic
1285821835,13,clinic
1285831396,2,clinic
1285835561,1,clinic
1285845057,2,clinic
1285845800,3,clinic
1285930891,1,clinic
1285967653,1,clinic
1285993915,3,clinic
1295013316,1,clinic
1295066116,1,clinic
1295071520,1,clinic
1295097863,7,clinic
1295106219,13,clinic
1295126340,4,clinic
1295180651,16,clinic
1295200202,2,clinic
1295213601,17,clinic
1295221372,1,clinic
1295256295,7,clinic
1295292183,5,clinic
1295362564,1,clinic
1295702397,1,clinic
1295702728,3,clinic
1295706729,2,clinic
1295708683,3,clinic
1295709822,1,clinic
1295709954,1,clinic
1295710580,3,clinic
1295716637,1,clinic
1295718450,2,clinic
1295719789,9,clinic
1295721090,3,clinic
1295723229,3,clinic
1295726156,3,clinic
1295726362,1,clinic
1295728491,3,clinic
1295738896,1,clinic
1295739258,1,clinic
1295743169,2,clinic
1295747608,2,clinic
1295754844,4,clinic
1295755353,3,clinic
1295760296,35,clinic
1295761963,2,clinic
1295764470,2,clinic
1295764553,1,clinic
1295767689,1,clinic
1295768232,6,clinic
1295771376,1,clinic
1295772093,2,clinic
1295772101,4,clinic
1295772804,1,clinic
1295772820,1,clinic
1295778892,1,clinic
1295780476,1,clinic
1295785285,5,clinic
1295785442,1,clinic
1295789246,2,clinic
1295789295,1,clinic
1295789667,6,clinic
1295789907,4,clinic
1295813806,1,clinic
1295819589,1,clinic
1295824001,5,clinic
1295826337,1,clinic
1295834992,1,clinic
1295839991,5,clinic
1295848562,1,clinic
1295878981,1,clinic
1295882819,1,clinic
1295883973,1,clinic
1295890093,1,clinic
1295905255,2,clinic
1295985596,1,clinic
1306082300,1,clinic
1306126818,1,clinic
1306181508,2,clinic
1306212923,4,clinic
1306227764,3,clinic
1306268321,2,clinic
1306274097,1,clinic
1306281126,2,clinic
1306339460,2,clinic
1306354790,5,clinic
1306355680,1,clinic
1306377783,1,clinic
1306814348,2,clinic
1306818265,2,clinic
1306819016,1,clinic
1306826029,1,clinic
1306836598,1,clinic
1306845557,3,clinic
1306849005,2,clinic
1306850177,4,clinic
1306867866,1,clinic
1306870399,1,clinic
1306896253,10,clinic
1306897277,2,clinic
1306897335,1,clinic
1306897491,3,clinic
1306903042,1,clinic
1306907670,1,clinic
1306909734,3,clinic
1306914213,8,clinic
1306918040,3,clinic
1306921887,3,clinic
1306923438,1,clinic
1306928213,1,clinic
1306938071,25,clinic
1306969431,1,clinic
1306992151,10,clinic
1316000706,1,clinic
1316013022,1,clinic
1316015241,1,clinic
1316022247,2,clinic
1316027709,3,clinic
1316030083,2,clinic
1316035116,1,clinic
1316055205,2,clinic
1316112014,2,clinic
1316147408,1,clinic
1316180706,1,clinic
1316180748,7,clinic
1316190077,4,clinic
1316197767,2,clinic
1316242910,1,clinic
1316248701,6,clinic
1316342579,12,clinic
1316374978,1,clinic
1316379738,11,clinic
1316412034,3,clinic
1316463276,3,clinic
1316470354,4,clinic
1316599541,9,clinic
1316900277,6,clinic
1316911878,1,clinic
1316917222,1,clinic
1316918048,1,clinic
1316925001,1,clinic
1316931835,3,clinic
1316933609,7,clinic
1316936990,1,clinic
1316937428,1,clinic
1316937691,9,clinic
1316938459,15,clinic
1316939556,2,clinic
1316940034,3,clinic
1316947930,5,clinic
1316966518,2,clinic
1316975626,4,clinic
1316992134,7,clinic
1316992878,2,clinic
1326002049,1,clinic
1326006073,9,clinic
1326010273,3,clinic
1326020447,3,clinic
1326028978,1,clinic
1326037607,2,clinic
1326043548,5,clinic
1326044694,1,clinic
1326045857,11,clinic
1326046467,7,clinic
1326048810,5,clinic
1326052226,1,clinic
1326056193,9,clinic
1326060492,2,clinic
1326061730,1,clinic
1326071093,3,clinic
1326075193,1,clinic
1326078023,1,clinic
1326078288,2,clinic
1326085424,8,clinic
1326087966,1,clinic
1326088139,7,clinic
1326093246,2,clinic
1326093667,1,clinic
1326095324,1,clinic
1326102237,1,clinic
1326103904,1,clinic
1326115569,2,clinic
1326118597,2,clinic
1326126509,20,clinic
1326131301,2,clinic
1326134255,3,clinic
1326140583,52,clinic
1326142498,2,clinic
1326154220,1,clinic
1326233586,1,clinic
1326296211,2,clinic
1326339862,3,clinic
1326349986,1,clinic
1326397274,4,clinic
1326442336,3,clinic
1326593898,11,clinic
1326622069,1,clinic
1326663592,2,clinic
1326692872,1,clinic
1336101302,14,clinic
1336103043,2,clinic
1336106806,4,clinic
1336118322,5,clinic
1336119478,1,clinic
1336119627,10,clinic
1336120047,4,clinic
1336124205,1,clinic
1336125533,2,clinic
1336138403,12,clinic
1336146141,3,clinic
1336154020,1,clinic
1336155738,3,clinic
1336163708,2,clinic
1336167550,11,clinic
1336167675,1,clinic
1336173269,1,clinic
1336184019,1,clinic
1336184647,1,clinic
1336187178,2,clinic
1336196039,1,clinic
1336203124,3,clinic
1336205798,2,clinic
1336213446,1,clinic
1336220839,8,clinic
1336221878,1,clinic
1336231232,1,clinic
1336243583,1,clinic
1336251479,1,clinic
1336256775,2,clinic
1336262831,2,clinic
1336263417,1,clinic
1336294040,3,clinic
1336328244,9,clinic
1336345578,1,clinic
1336370196,1,clinic
1336378132,3,clinic
1336404235,3,clinic
1336501634,1,clinic
1336504380,2,clinic
1336685932,3,clinic
1336730423,4,clinic
1346205382,9,clinic
1346213469,2,clinic
1346215084,1,clinic
1346224391,1,clinic
1346224847,18,clinic
1346232881,3,clinic
1346236015,1,clinic
1346239373,1,clinic
1346243375,1,clinic
1346247350,4,clinic
1346247574,2,clinic
1346248333,1,clinic
1346248986,2,clinic
1346249372,1,clinic
1346249968,1,clinic
1346250594,4,clinic
1346260692,2,clinic
1346263274,2,clinic
1346273943,9,clinic
1346274537,3,clinic
1346275328,1,clinic
1346275856,2,clinic
1346287455,7,clinic
1346291648,7,clinic
1346297843,1,clinic
1346299815,3,clinic
1346301389,1,clinic
1346301975,2,clinic
1346315496,2,clinic
1346332954,3,clinic
1346340759,1,clinic
1346342771,1,clinic
1346354677,1,clinic
1346380870,25,clinic
1346381415,3,clinic
1346389905,13,clinic
1346441722,8,clinic
1346477379,4,clinic
1346544616,1,clinic
1346570710,2,clinic
1346570777,2,clinic
1346598208,2,clinic
1346603107,5,clinic
1346630316,3,clinic
1346642899,1,clinic
1346704756,1,clinic
1346724879,1,clinic
1346728748,1,clinic
1346753118,1,clinic
1346774841,1,clinic
1346778602,1,clinic
1346802915,2,clinic
1346824943,1,clinic
1346863503,10,clinic
1356304547,1,clinic
1356307581,3,clinic
1356307656,6,clinic
1356312243,1,clinic
1356313407,1,clinic
1356313506,2,clinic
1356318968,3,clinic
1356320469,4,clinic
1356323794,1,clinic
1356332266,1,clinic
1356333579,2,clinic
1356334510,1,clinic
1356345318,1,clinic
1356350318,1,clinic
1356373302,2,clinic
1356387146,1,clinic
1356391635,2,clinic
1356399539,2,clinic
1356402929,1,clinic
1356410351,1,clinic
1356414395,2,clinic
1356417505,2,clinic
1356425664,1,clinic
1356428429,5,clinic
1356435341,1,clinic
1356446686,1,clinic
1356459002,1,clinic
1356490841,1,clinic
1356493068,1,clinic
1356543656,1,clinic
1356559991,5,clinic
1356574560,10,clinic
1356669501,1,clinic
1356692297,2,clinic
1356730220,1,clinic
1356773493,2,clinic
1356777502,5,clinic
1356802912,2,clinic
1356817563,4,clinic
1356853907,10,clinic
1356891451,1,clinic
1356893531,4,clinic
1356926422,3,clinic
1356950398,2,clinic
1356954648,4,clinic
1356961510,2,clinic
1366097032,1,clinic
1366404428,5,clinic
1366407603,1,clinic
1366415085,1,clinic
1366419517,9,clinic
1366420531,4,clinic
1366431702,7,clinic
1366436073,1,clinic
1366436123,1,clinic
1366441370,2,clinic
1366442295,1,clinic
1366449282,1,clinic
1366450298,5,clinic
1366452732,1,clinic
1366452880,9,clinic
1366465502,1,clinic
1366480873,2,clinic
1366486979,2,clinic
1366496937,2,clinic
1366506420,1,clinic
1366519027,6,clinic
1366519795,6,clinic
1366520884,1,clinic
1366545311,1,clinic
1366550055,2,clinic
1366556227,2,clinic
1366597650,1,clinic
1366599342,1,clinic
1366685992,1,clinic
1366686248,2,clinic
1366785511,2,clinic
1366790693,6,clinic
1366791451,1,clinic
1366826190,1,clinic
1366840688,1,clinic
1366859597,4,clinic
1366874877,1,clinic
1366896300,8,clinic
1366974263,2,clinic
1366976276,5,clinic
1376018382,4,clinic
1376025114,2,clinic
1376031757,8,clinic
1376089359,7,clinic
1376130104,2,clinic
1376139139,13,clinic
1376175240,2,clinic
1376197665,1,clinic
1376513754,1,clinic
1376521575,3,clinic
1376523357,8,clinic
1376528398,1,clinic
1376529743,8,clinic
1376530808,1,clinic
1376536573,3,clinic
1376537555,9,clinic
1376546143,1,clinic
1376564088,8,clinic
1376567719,2,clinic
1376571323,16,clinic
1376572099,1,clinic
1376579557,5,clinic
1376591941,2,clinic
1376595132,1,clinic
1376597328,9,clinic
1376597997,3,clinic
1376605170,1,clinic
1376611103,3,clinic
1376619288,11,clinic
1376644385,5,clinic
1376648329,5,clinic
1376656538,1,clinic
1376662296,3,clinic
1376667147,1,clinic
1376686600,4,clinic
1376698043,7,clinic
1376698522,3,clinic
1376790147,1,clinic
1376840504,1,clinic
1376841841,4,clinic
1376848119,1,clinic
1376870840,2,clinic
1376876664,2,clinic
1376896621,2,clinic
1376917302,2,clinic
1376988907,1,clinic
1386025898,1,clinic
1386028207,5,clinic
1386041119,1,clinic
1386088326,1,clinic
1386177376,3,clinic
1386188068,1,clinic
1386196459,1,clinic
1386241834,4,clinic
1386297166,2,clinic
1386603793,1,clinic
1386608859,1,clinic
1386611580,4,clinic
1386619450,6,clinic
1386630705,1,clinic
1386636355,4,clinic
1386647717,2,clinic
1386649804,1,clinic
1386651297,1,clinic
1386653541,6,clinic
1386676799,4,clinic
1386681468,8,clinic
1386683316,3,clinic
1386689875,6,clinic
1386691046,2,clinic
1386713030,1,clinic
1386728665,4,clinic
1386751196,1,clinic
1386751451,1,clinic
1386779304,2,clinic
1386802023,5,clinic
1386820017,1,clinic
1386823631,4,clinic
1386863132,6,clinic
1386868388,39,clinic
1386882488,1,clinic
1386895886,1,clinic
1386902138,2,clinic
1396036695,2,clinic
1396037230,1,clinic
1396055869,2,clinic
1396057071,1,clinic
1396074548,3,clinic
1396076147,2,clinic
1396087672,9,clinic
1396129201,5,clinic
1396138970,1,clinic
1396142865,2,clinic
1396160396,5,clinic
1396194197,5,clinic
1396203238,2,clinic
1396205050,4,clinic
1396205886,5,clinic
1396220604,3,clinic
1396250304,1,clinic
1396280756,2,clinic
1396315164,4,clinic
1396317137,5,clinic
1396338703,1,clinic
1396394961,2,clinic
1396703823,1,clinic
1396705539,3,clinic
1396709978,1,clinic
1396712618,3,clinic
1396722666,4,clinic
1396725677,1,clinic
1396728630,21,clinic
1396739165,2,clinic
1396745832,5,clinic
1396747929,2,clinic
1396748471,1,clinic
1396759528,1,clinic
1396765145,2,clinic
1396765681,2,clinic
1396766184,3,clinic
1396766903,1,clinic
1396767778,1,clinic
1396770004,2,clinic
1396778064,3,clinic
1396778197,1,clinic
1396779948,2,clinic
1396783981,1,clinic
1396790200,5,clinic
1396790325,1,clinic
1396814083,4,clinic
1396833091,1,clinic
1396848677,1,clinic
1396850368,3,clinic
1396858155,1,clinic
1396886297,6,clinic
1407010622,2,clinic
1407021546,42,clinic
1407125321,43,clinic
1407169196,2,clinic
1407191984,1,clinic
1407206972,1,clinic
1407207863,8,clinic
1407233612,2,clinic
1407313760,19,clinic
1407335458,4,clinic
1407366255,2,clinic
1407381320,10,clinic
1407467855,12,clinic
1407800436,3,clinic
1407800469,1,clinic
1407801640,2,clinic
1407801673,1,clinic
1407805971,13,clinic
1407813660,7,clinic
1407815830,8,clinic
1407819253,4,clinic
1407827710,2,clinic
1407828429,1,clinic
1407829567,2,clinic
1407833486,3,clinic
1407845035,10,clinic
1407854771,2,clinic
1407856099,1,clinic
1407859655,1,clinic
1407862170,1,clinic
1407867559,2,clinic
1407880909,1,clinic
1407887193,1,clinic
1407889652,6,clinic
1407893464,1,clinic
1407897309,21,clinic
1407900095,1,clinic
1407900343,7,clinic
1407909963,2,clinic
1407910631,1,clinic
1407914286,1,clinic
1407928500,2,clinic
1407938939,1,clinic
1407947336,2,clinic
1407949191,1,clinic
1407962046,8,clinic
1407988892,1,clinic
1407990088,1,clinic
1417005372,1,clinic
1417032012,2,clinic
1417037045,3,clinic
1417043829,5,clinic
1417044660,2,clinic
1417051517,1,clinic
1417064205,1,clinic
1417086596,11,clinic
1417089350,3,clinic
1417094145,1,clinic
1417152745,10,clinic
1417199225,9,clinic
1417209685,1,clinic
1417227398,10,clinic
1417302993,15,clinic
1417328097,3,clinic
1417366626,1,clinic
1417382136,11,clinic
1417432840,2,clinic
1417460205,3,clinic
1417465824,1,clinic
1417486325,1,clinic
1417570961,2,clinic
1417901406,2,clinic
1417903899,21,clinic
1417919531,4,clinic
1417935446,10,clinic
1417936543,1,clinic
1417939729,2,clinic
1417940719,1,clinic
1417944224,1,clinic
1417945627,1,clinic
1417946021,2,clinic
1417946377,4,clinic
1417947466,1,clinic
1417950106,1,clinic
1417950650,2,clinic
1417951468,1,clinic
1417958331,3,clinic
1417972647,3,clinic
1417975061,20,clinic
1417980202,2,clinic
1417980566,2,clinic
1417984360,14,clinic
1417988833,2,clinic
1417989278,1,clinic
1417994468,14,clinic
1427001445,1,clinic
1427011402,1,clinic
1427017854,4,clinic
1427030774,7,clinic
1427048453,3,clinic
1427049964,2,clinic
1427051002,1,clinic
1427054360,2,clinic
1427055821,1,clinic
1427055839,1,clinic
1427056258,9,clinic
1427058510,2,clinic
1427059070,2,clinic
1427063270,22,clinic
1427064211,1,clinic
1427068345,7,clinic
1427075027,4,clinic
1427079854,3,clinic
1427085232,4,clinic
1427086313,2,clinic
1427088038,1,clinic
1427092006,3,clinic
1427093962,4,clinic
1427095447,1,clinic
1427095488,5,clinic
1427097716,5,clinic
1427100957,11,clinic
1427103589,23,clinic
1427105923,2,clinic
1427123017,6,clinic
1427123132,2,clinic
1427127463,1,clinic
1427128404,1,clinic
1427132604,1,clinic
1427145176,1,clinic
1427145739,1,clinic
1427146919,2,clinic
1427147883,1,clinic
1427197987,1,clinic
1427295872,1,clinic
1427326289,4,clinic
1427470418,141,clinic
1427472463,2,clinic
1427489921,6,clinic
1427536325,4,clinic
1427616002,2,clinic
1427662931,14,clinic
1427671064,1,clinic
1427671718,6,clinic
1427672336,1,clinic
1437102639,2,clinic
1437102993,1,clinic
1437105624,2,clinic
1437107661,5,clinic
1437112687,1,clinic
1437121886,2,clinic
1437135902,9,clinic
1437140027,2,clinic
1437148020,2,clinic
1437150984,4,clinic
1437158433,1,clinic
1437177664,1,clinic
1437179710,1,clinic
1437185261,4,clinic
1437186111,8,clinic
1437187044,1,clinic
1437188216,3,clinic
1437196508,3,clinic
1437197985,1,clinic
1437211596,1,clinic
1437216975,2,clinic
1437221785,1,clinic
1437225356,1,clinic
1437248945,1,clinic
1437258969,1,clinic
1437298684,1,clinic
1437322377,4,clinic
1437346186,2,clinic
1437397940,1,clinic
1437452976,3,clinic
1437480159,2,clinic
1437536372,4,clinic
1437570728,1,clinic
1437575040,1,clinic
1437591708,3,clinic
1437593605,1,clinic
1437620358,1,clinic
1437622933,3,clinic
1437634524,2,clinic
1437682127,12,clinic
1447200233,1,clinic
1447204763,2,clinic
1447206438,1,clinic
1447214622,1,clinic
1447215850,26,clinic
1447217526,1,clinic
1447221056,4,clinic
1447221247,2,clinic
1447226584,1,clinic
1447228747,5,clinic
1447231956,3,clinic
1447233317,1,clinic
1447233424,2,clinic
1447250253,4,clinic
1447251004,1,clinic
1447253125,10,clinic
1447255153,1,clinic
1447257258,1,clinic
1447259627,1,clinic
1447270780,1,clinic
1447279054,10,clinic
1447284039,6,clinic
1447284898,1,clinic
1447287800,6,clinic
1447289996,1,clinic
1447296926,12,clinic
1447297536,2,clinic
1447299649,14,clinic
1447309018,6,clinic
1447320676,2,clinic
1447335146,10,clinic
1447337449,2,clinic
1447368071,4,clinic
1447381322,1,clinic
1447393152,1,clinic
1447402839,1,clinic
1447406699,7,clinic
1447422928,1,clinic
1447439708,4,clinic
1447464664,1,clinic
1447494323,3,clinic
1447574819,4,clinic
1447583893,1,clinic
1447595368,7,clinic
1447601877,3,clinic
1447604814,10,clinic
1447649694,13,clinic
1447706569,1,clinic
1447723945,5,clinic
1447745047,1,clinic
1447747316,3,clinic
1447772751,3,clinic
1447793708,1,clinic
1447883301,3,clinic
1457304495,5,clinic
1457309247,1,clinic
1457312886,12,clinic
1457314502,8,clinic
1457318701,3,clinic
1457319154,1,clinic
1457319485,1,clinic
1457321036,1,clinic
1457329435,3,clinic
1457329807,1,clinic
1457344491,1,clinic
1457345597,3,clinic
1457346413,1,clinic
1457347239,5,clinic
1457355943,1,clinic
1457364408,2,clinic
1457367062,1,clinic
1457372625,3,clinic
1457382483,2,clinic
1457382798,1,clinic
1457389249,3,clinic
1457389298,8,clinic
1457392904,6,clinic
1457396079,2,clinic
1457433435,13,clinic
1457435893,1,clinic
1457441651,2,clinic
1457448037,2,clinic
1457452898,1,clinic
1457454431,1,clinic
1457456279,1,clinic
1457458986,3,clinic
1457470700,8,clinic
1457474249,1,clinic
1457489767,17,clinic
1457520942,1,clinic
1457526154,1,clinic
1457601643,21,clinic
1457610610,5,clinic
1457640922,6,clinic
1457685299,6,clinic
1457701591,12,clinic
1457715146,4,clinic
1457730426,1,clinic
1457745119,1,clinic
1457748238,6,clinic
1457786972,1,clinic
1457791105,6,clinic
1457794323,7,clinic
1457820995,1,clinic
1457879538,1,clinic
1457935611,8,clinic
1467404046,1,clinic
1467406132,3,clinic
1467407395,5,clinic
1467412726,5,clinic
1467413708,8,clinic
1467417352,2,clinic
1467430124,1,clinic
1467433763,4,clinic
1467434225,1,clinic
1467440743,1,clinic
1467447508,1,clinic
1467452102,1,clinic
1467459776,5,clinic
1467469023,2,clinic
1467473579,3,clinic
1467476911,1,clinic
1467480566,8,clinic
1467483701,5,clinic
1467489682,6,clinic
1467492124,2,clinic
1467493551,4,clinic
1467496133,1,clinic
1467525162,1,clinic
1467525634,1,clinic
1467538520,2,clinic
1467552471,2,clinic
1467560227,2,clinic
1467595793,7,clinic
1467603282,2,clinic
1467639062,4,clinic
1467675629,1,clinic
1467697953,2,clinic
1467763458,1,clinic
1467764308,2,clinic
1467768770,5,clinic
1467772038,1,clinic
1467783118,2,clinic
1467836981,1,clinic
1467853051,3,clinic
1467897447,4,clinic
1467902460,1,clinic
1467930420,5,clinic
1467947101,2,clinic
1467978585,2,clinic
1477061885,4,clinic
1477104552,3,clinic
1477128288,1,clinic
1477500015,2,clinic
1477500767,13,clinic
1477504322,1,clinic
1477508190,1,clinic
1477509859,1,clinic
1477517225,1,clinic
1477519908,3,clinic
1477520526,5,clinic
1477529030,3,clinic
1477543171,4,clinic
1477545333,1,clinic
1477551489,1,clinic
1477559029,9,clinic
1477572949,3,clinic
1477584993,7,clinic
1477585958,1,clinic
1477587632,8,clinic
1477590198,1,clinic
1477591055,1,clinic
1477592566,4,clinic
1477593135,1,clinic
1477596310,1,clinic
1477596583,1,clinic
1477599975,16,clinic
1477610640,2,clinic
1477616936,3,clinic
1477617645,1,clinic
1477648178,3,clinic
1477653889,4,clinic
1477670966,1,clinic
1477671535,2,clinic
1477691467,1,clinic
1477741999,11,clinic
1477759462,1,clinic
1477809622,1,clinic
1477812519,1,clinic
1477832772,1,clinic
1477874337,11,clinic
1477886141,1,clinic
1477914943,13,clinic
1477975613,8,clinic
1477990109,10,clinic
1487045100,4,clinic
1487070793,2,clinic
1487183174,1,clinic
1487204723,3,clinic
1487253449,3,clinic
1487271375,3,clinic
1487607669,1,clinic
1487607784,12,clinic
1487616470,1,clinic
1487625257,1,clinic
1487628145,1,clinic
1487629333,3,clinic
1487638417,1,clinic
1487638441,3,clinic
1487647590,1,clinic
1487648804,1,clinic
1487649430,3,clinic
1487650024,5,clinic
1487651857,3,clinic
1487656294,1,clinic
1487662961,1,clinic
1487669032,2,clinic
1487684122,4,clinic
1487690400,5,clinic
1487695888,8,clinic
1487699047,10,clinic
1487699203,2,clinic
1487702973,1,clinic
1487706214,4,clinic
1487710497,1,clinic
1487715033,3,clinic
1487715645,1,clinic
1487736963,3,clinic
1487740023,2,clinic
1487740957,4,clinic
1487749602,1,clinic
1487759858,6,clinic
1487768974,1,clinic
1487771812,1,clinic
1487802930,1,clinic
1487897047,1,clinic
1487900296,3,clinic
1487917233,1,clinic
1487928743,1,clinic
1487944898,1,clinic
1497003610,2,clinic
1497012959,4,clinic
1497115539,3,clinic
1497169429,1,clinic
1497202485,1,clinic
1497219257,2,clinic
1497250757,2,clinic
1497320519,2,clinic
1497333017,3,clinic
1497702195,1,clinic
1497702575,2,clinic
1497703045,1,clinic
1497712624,1,clinic
1497726020,1,clinic
1497726343,2,clinic
1497742415,1,clinic
1497745178,2,clinic
1497750608,2,clinic
1497750830,1,clinic
1497750921,2,clinic
1497751309,1,clinic
1497752091,1,clinic
1497752281,1,clinic
1497756282,3,clinic
1497759955,4,clinic
1497763262,1,clinic
1497764526,2,clinic
1497770424,4,clinic
1497770697,3,clinic
1497792527,3,clinic
1497792568,1,clinic
1497793418,1,clinic
1497807572,1,clinic
1497824171,1,clinic
1497825665,10,clinic
1497830806,10,clinic
1497841811,1,clinic
1497842553,2,clinic
1497857437,1,clinic
1497859649,1,clinic
1497859789,5,clinic
1497865026,1,clinic
1497865315,3,clinic
1497900781,6,clinic
1497903728,2,clinic
1497988596,3,clinic
1508029422,5,clinic
1508086141,1,clinic
1508192220,1,clinic
1508221847,2,clinic
1508232075,3,clinic
1508242777,3,clinic
1508247016,2,clinic
1508346248,4,clinic
1508480922,2,clinic
1508802489,2,clinic
1508803701,5,clinic
1508807272,3,clinic
1508810565,4,clinic
1508810573,4,clinic
1508810599,1,clinic
1508815333,4,clinic
1508822552,1,clinic
1508832833,3,clinic
1508836867,2,clinic
1508842964,10,clinic
1508843566,1,clinic
1508845637,1,clinic
1508856535,2,clinic
1508859661,1,clinic
1508867391,2,clinic
1508877689,1,clinic
1508883299,1,clinic
1508896499,1,clinic
1508899204,1,clinic
1508949884,3,clinic
1508952235,2,clinic
1508956509,11,clinic
1508964123,1,clinic
1508964883,2,clinic
1508968819,2,clinic
1508971441,1,clinic
1508978677,2,clinic
1508979683,1,clinic
1508991282,3,clinic
1508998394,1,clinic
1518008390,1,clinic
1518009588,4,clinic
1518018191,2,clinic
1518021310,1,clinic
1518024462,3,clinic
1518037233,4,clinic
1518057769,2,clinic
1518060912,1,clinic
1518065523,3,clinic
1518075795,1,clinic
1518085430,2,clinic
1518098367,1,clinic
1518104199,4,clinic
1518107325,3,clinic
1518165760,2,clinic
1518197011,1,clinic
1518232842,5,clinic
1518253194,1,clinic
1518260322,1,clinic
1518273572,2,clinic
1518354778,3,clinic
1518413095,10,clinic
1518454842,4,clinic
1518514207,4,clinic
1518580893,1,clinic
1518904572,2,clinic
1518911031,2,clinic
1518911338,1,clinic
1518911833,4,clinic
1518912609,7,clinic
1518913607,1,clinic
1518929926,3,clinic
1518930619,7,clinic
1518931286,1,clinic
1518937820,5,clinic
1518941806,3,clinic
1518945799,5,clinic
1518952761,4,clinic
1518957398,2,clinic
1518964345,1,clinic
1518969419,8,clinic
1518975556,3,clinic
1518976661,1,clinic
1518980028,1,clinic
1518980978,1,clinic
1518989946,8,clinic
1518991744,9,clinic
1518996040,7,clinic
1528005600,2,clinic
1528010287,1,clinic
1528014669,8,clinic
1528015302,4,clinic
1528025442,1,clinic
1528026267,1,clinic
1528026291,1,clinic
1528027240,11,clinic
1528031226,2,clinic
1528037215,3,clinic
1528041183,2,clinic
1528041811,1,clinic
1528050309,1,clinic
1528052578,1,clinic
1528056066,3,clinic
1528062429,7,clinic
1528067113,3,clinic
1528087004,1,clinic
1528101458,1,clinic
1528125069,1,clinic
1528133147,2,clinic
1528138088,1,clinic
1528142320,1,clinic
1528143088,9,clinic
1528143179,15,clinic
1528150273,1,clinic
1528158573,2,clinic
1528162799,1,clinic
1528169125,15,clinic
1528190931,20,clinic
1528197720,1,clinic
1528217015,2,clinic
1528231826,2,clinic
1528271871,1,clinic
1528319621,4,clinic
1528360989,1,clinic
1528497351,2,clinic
1528501939,5,clinic
1528508108,1,clinic
1528533254,4,clinic
1528546736,2,clinic
1528560018,3,clinic
1528622065,2,clinic
1528662954,1,clinic
1538101688,5,clinic
1538109251,4,clinic
1538109848,1,clinic
1538112131,1,clinic
1538113022,1,clinic
1538113725,6,clinic
1538114434,1,clinic
1538115696,6,clinic
1538122577,17,clinic
1538123567,2,clinic
1538124433,1,clinic
1538125570,1,clinic
1538130083,1,clinic
1538132253,1,clinic
1538133814,6,clinic
1538138003,4,clinic
1538141627,7,clinic
1538157508,7,clinic
1538164090,2,clinic
1538164546,1,clinic
1538165527,24,clinic
1538174347,7,clinic
1538178801,4,clinic
1538185020,2,clinic
1538193073,2,clinic
1538197231,1,clinic
1538199617,3,clinic
1538218680,1,clinic
1538232129,1,clinic
1538236385,1,clinic
1538245634,1,clinic
1538252721,23,clinic
1538277637,1,clinic
1538284161,2,clinic
1538301981,2,clinic
1538338793,8,clinic
1538345251,2,clinic
1538373717,2,clinic
1538403670,1,clinic
1538417753,1,clinic
1538471800,2,clinic
1538495742,30,clinic
1538503859,2,clinic
1538510979,2,clinic
1538515739,1,clinic
1538529912,5,clinic
1538547823,1,clinic
1538566765,3,clinic
1538650999,1,clinic
1538667035,3,clinic
1538693825,5,clinic
1538796651,1,clinic
1548201379,1,clinic
1548205818,1,clinic
1548205883,1,clinic
1548207608,6,clinic
1548214257,1,clinic
1548216476,3,clinic
1548226988,2,clinic
1548232044,8,clinic
1548236524,14,clinic
1548250459,2,clinic
1548256753,1,clinic
1548257082,3,clinic
1548267339,5,clinic
1548278476,1,clinic
1548284177,2,clinic
1548291883,18,clinic
1548294606,4,clinic
1548320435,2,clinic
1548328750,4,clinic
1548333214,1,clinic
1548342181,1,clinic
1548355811,2,clinic
1548360696,1,clinic
1548364961,1,clinic
1548366404,19,clinic
1548376700,1,clinic
1548378235,4,clinic
1548393127,1,clinic
1548393184,1,clinic
1548393937,1,clinic
1548395197,1,clinic
1548407216,8,clinic
1548436272,3,clinic
1548463623,1,clinic
1548480601,1,clinic
1548581598,3,clinic
1548624851,4,clinic
1548698723,1,clinic
1548750417,4,clinic
1548773450,2,clinic
1548785116,3,clinic
1548796378,1,clinic
1548800733,3,clinic
1558305847,3,clinic
1558305961,1,clinic
1558313213,5,clinic
1558319103,2,clinic
1558328435,1,clinic
1558333682,6,clinic
1558337790,1,clinic
1558343848,1,clinic
1558346007,1,clinic
1558349399,5,clinic
1558361949,6,clinic
1558364802,3,clinic
1558365890,1,clinic
1558368449,1,clinic
1558391706,1,clinic
1558392563,7,clinic
1558408633,4,clinic
1558435362,2,clinic
1558441311,1,clinic
1558463745,4,clinic
1558479212,5,clinic
1558479824,1,clinic
1558487397,1,clinic
1558493726,2,clinic
1558499483,2,clinic
1558513812,3,clinic
1558659714,1,clinic
1558718668,1,clinic
1558729228,4,clinic
1558734095,2,clinic
1558759498,2,clinic
1558760256,7,clinic
1558782268,27,clinic
1558803106,2,clinic
1558836569,2,clinic
1558885541,6,clinic
1558910604,2,clinic
1558977371,2,clinic
1558985911,3,clinic
1558997106,4,clinic
1568006633,1,clinic
1568051191,1,clinic
1568097897,1,clinic
1568403111,14,clinic
1568406536,3,clinic
1568407310,5,clinic
1568409647,1,clinic
1568413573,1,clinic
1568414118,1,clinic
1568414167,1,clinic
1568414365,4,clinic
1568414589,2,clinic
1568416311,1,clinic
1568419976,2,clinic
1568425650,2,clinic
1568433431,1,clinic
1568435477,2,clinic
1568436798,1,clinic
1568438125,1,clinic
1568439693,11,clinic
1568446755,2,clinic
1568452225,1,clinic
1568452290,4,clinic
1568453389,7,clinic
1568454403,4,clinic
1568459204,1,clinic
1568459436,1,clinic
1568461572,9,clinic
1568463289,13,clinic
1568465144,1,clinic
1568468221,49,clinic
1568472819,8,clinic
1568487411,1,clinic
1568490506,3,clinic
1568492916,1,clinic
1568493922,1,clinic
1568526739,1,clinic
1568545747,1,clinic
1568547032,1,clinic
1568551455,4,clinic
1568562866,5,clinic
1568574291,2,clinic
1568618379,3,clinic
1568626273,7,clinic
1568629046,8,clinic
1568633683,1,clinic
1568674216,2,clinic
1568695781,1,clinic
1568762961,4,clinic
1568779353,14,clinic
1568800829,9,clinic
1568825545,1,clinic
1568848059,2,clinic
1568899391,6,clinic
1568947281,2,clinic
1578048294,2,clinic
1578058137,9,clinic
1578094462,1,clinic
1578185377,2,clinic
1578500492,2,clinic
1578504056,1,clinic
1578505095,1,clinic
1578506762,2,clinic
1578518239,1,clinic
1578519815,1,clinic
1578520045,1,clinic
1578527172,2,clinic
1578529285,1,clinic
1578547865,24,clinic
1578549432,1,clinic
1578553343,2,clinic
1578554325,5,clinic
1578555116,1,clinic
1578568481,1,clinic
1578580916,1,clinic
1578587150,5,clinic
1578588463,2,clinic
1578590626,1,clinic
1578591756,5,clinic
1578615100,2,clinic
1578617627,1,clinic
1578620449,2,clinic
1578670543,1,clinic
1578670592,4,clinic
1578704938,3,clinic
1578718482,1,clinic
1578795332,1,clinic
1578809505,1,clinic
1578871679,1,clinic
1578881652,1,clinic
1578917035,24,clinic
1578941191,1,clinic
1578947792,2,clinic
1578976825,1,clinic
1578989703,11,clinic
1588068274,7,clinic
1588092605,2,clinic
1588111082,4,clinic
1588116743,4,clinic
1588141048,2,clinic
1588243117,2,clinic
1588603872,2,clinic
1588604003,1,clinic
1588612832,2,clinic
1588615033,6,clinic
1588622187,1,clinic
1588629968,2,clinic
1588631311,8,clinic
1588635973,7,clinic
1588636351,1,clinic
1588640254,1,clinic
1588640692,21,clinic
1588648315,4,clinic
1588654966,2,clinic
1588656870,1,clinic
1588659528,2,clinic
1588663769,2,clinic
1588668842,3,clinic
1588672406,2,clinic
1588673578,1,clinic
1588695514,5,clinic
1588697296,4,clinic
1588713440,2,clinic
1588717755,4,clinic
1588720882,3,clinic
1588733828,2,clinic
1588734420,1,clinic
1588763247,1,clinic
1588779920,2,clinic
1588795942,9,clinic
1588825848,3,clinic
1588868947,1,clinic
1588876817,1,clinic
1588908388,1,clinic
1588969307,3,clinic
1598012783,7,clinic
1598038093,1,clinic
1598093825,6,clinic
1598098642,2,clinic
1598099699,3,clinic
1598108680,1,clinic
1598125502,5,clinic
1598144362,1,clinic
1598160533,4,clinic
1598186686,1,clinic
1598282246,10,clinic
1598375271,1,clinic
1598389082,8,clinic
1598700940,1,clinic
1598703381,1,clinic
1598708513,3,clinic
1598713240,1,clinic
1598717480,2,clinic
1598722027,19,clinic
1598738296,1,clinic
1598740821,1,clinic
1598749707,5,clinic
1598750721,1,clinic
1598755324,1,clinic
1598761355,22,clinic
1598763666,5,clinic
1598765539,1,clinic
1598766495,1,clinic
1598783904,2,clinic
1598785388,1,clinic
1598795585,5,clinic
1598798597,1,clinic
1598798787,4,clinic
1598798811,1,clinic
1598812000,2,clinic
1598825028,1,clinic
1598829442,3,clinic
1598839045,2,clinic
1598860108,3,clinic
1598868655,18,clinic
1598869240,2,clinic
1598871469,1,clinic
1598873796,1,clinic
1598878480,5,clinic
1598906976,5,clinic
1598964157,1,clinic
1609001312,5,clinic
1609003250,7,clinic
1609007525,4,clinic
1609039056,7,clinic
1609046671,4,clinic
1609091693,16,clinic
1609148170,2,clinic
1609189604,2,clinic
1609206614,2,clinic
1609223056,52,clinic
1609226539,1,clinic
1609248186,4,clinic
1609268879,7,clinic
1609297506,1,clinic
1609343052,5,clinic
1609345685,3,clinic
1609388164,1,clinic
1609390111,1,clinic
1609403690,1,clinic
1609419878,40,clinic
1609803113,1,clinic
1609804822,2,clinic
1609806520,2,clinic
1609807122,2,clinic
1609811538,5,clinic
1609813708,2,clinic
1609817220,1,clinic
1609831247,1,clinic
1609839208,3,clinic
1609840545,1,clinic
1609847870,22,clinic
1609855139,2,clinic
1609857432,5,clinic
1609860360,2,clinic
1609869916,1,clinic
1609886126,1,clinic
1609917202,2,clinic
1609928134,2,clinic
1609930999,4,clinic
1609932615,2,clinic
1609934843,1,clinic
1609963479,12,clinic
1609980655,3,clinic
1609989979,2,clinic
1619011608,1,clinic
1619019791,1,clinic
1619024197,1,clinic
1619034154,3,clinic
1619053329,4,clinic
1619053618,5,clinic
1619069275,3,clinic
1619071636,9,clinic
1619072493,7,clinic
1619077047,5,clinic
1619079597,1,clinic
1619289998,6,clinic
1619307410,3,clinic
1619321742,4,clinic
1619326014,1,clinic
1619368339,1,clinic
1619401528,1,clinic
1619442266,3,clinic
1619488525,3,clinic
1619505187,1,clinic
1619588613,1,clinic
1619913647,2,clinic
1619914652,5,clinic
1619914785,1,clinic
1619916822,4,clinic
1619922051,1,clinic
1619922077,1,clinic
1619924719,5,clinic
1619928017,8,clinic
1619929759,1,clinic
1619934114,6,clinic
1619934627,2,clinic
1619938016,2,clinic
1619938149,1,clinic
1619939071,3,clinic
1619962321,1,clinic
1619967494,10,clinic
1619972791,2,clinic
1619973542,11,clinic
1619975554,4,clinic
1619985942,1,clinic
1619988144,2,clinic
1629008677,16,clinic
1629014055,2,clinic
1629015748,1,clinic
1629023015,19,clinic
1629023502,6,clinic
1629024914,4,clinic
1629025648,2,clinic
1629026364,3,clinic
1629032164,2,clinic
1629038336,3,clinic
1629039193,1,clinic
1629039706,1,clinic
1629053087,8,clinic
1629053731,2,clinic
1629056890,1,clinic
1629057229,13,clinic
1629064928,1,clinic
1629069638,1,clinic
1629070149,4,clinic
1629071758,8,clinic
1629075734,3,clinic
1629078712,3,clinic
1629089966,2,clinic
1629122171,2,clinic
1629138029,1,clinic
1629152749,1,clinic
1629167457,6,clinic
1629213749,1,clinic
1629260203,1,clinic
1629297478,1,clinic
1629328604,5,clinic
1629424866,2,clinic
1629532023,1,clinic
1629596861,2,clinic
1639111057,2,clinic
1639112857,1,clinic
1639113046,3,clinic
1639120694,1,clinic
1639124134,2,clinic
1639126303,3,clinic
1639131535,2,clinic
1639135221,2,clinic
1639140015,1,clinic
1639143381,9,clinic
1639149255,3,clinic
1639150477,1,clinic
1639157431,1,clinic
1639158595,1,clinic
1639160799,22,clinic
1639164916,1,clinic
1639172133,1,clinic
1639172810,1,clinic
1639172869,1,clinic
1639174204,3,clinic
1639185457,1,clinic
1639186521,1,clinic
1639187412,1,clinic
1639193402,8,clinic
1639197395,6,clinic
1639228547,3,clinic
1639234156,10,clinic
1639249915,11,clinic
1639254121,1,clinic
1639264575,2,clinic
1639268246,1,clinic
1639284409,4,clinic
1639296007,1,clinic
1639320484,6,clinic
1639399827,1,clinic
1639517576,1,clinic
1639641764,2,clinic
1639663370,2,clinic
1639673437,1,clinic
1639711294,1,clinic
1639797855,2,clinic
1649203506,16,clinic
1649209230,16,clinic
1649220724,1,clinic
1649221557,1,clinic
1649221680,3,clinic
1649223645,2,clinic
1649223876,1,clinic
1649224320,9,clinic
1649228511,3,clinic
1649241571,1,clinic
1649243478,3,clinic
1649244583,4,clinic
1649246877,1,clinic
1649247974,17,clinic
1649248626,1,clinic
1649252321,2,clinic
1649259656,1,clinic
1649260845,3,clinic
1649270257,1,clinic
1649273434,2,clinic
1649294026,6,clinic
1649340415,20,clinic
1649345968,1,clinic
1649355132,1,clinic
1649368523,1,clinic
1649370875,3,clinic
1649373887,13,clinic
1649374042,1,clinic
1649420704,2,clinic
1649443144,2,clinic
1649503699,1,clinic
1649541343,1,clinic
1649554007,7,clinic
1649556200,5,clinic
1649595448,4,clinic
1649650714,1,clinic
1649669516,1,clinic
1649725193,3,clinic
1649755893,1,clinic
1649781915,1,clinic
1649789819,1,clinic
1649791641,6,clinic
1649794157,5,clinic
1649802117,1,clinic
1659307817,8,clinic
1659323772,3,clinic
1659327013,1,clinic
1659330173,2,clinic
1659340370,7,clinic
1659347920,1,clinic
1659348589,1,clinic
1659355600,1,clinic
1659356764,2,clinic
1659359446,1,clinic
1659360709,1,clinic
1659361392,2,clinic
1659361475,1,clinic
1659362630,2,clinic
1659369130,1,clinic
1659371870,1,clinic
1659375673,2,clinic
1659390573,2,clinic
1659392595,1,clinic
1659423341,1,clinic
1659447563,1,clinic
1659465094,3,clinic
1659468833,2,clinic
1659473916,14,clinic
1659475846,3,clinic
1659511988,4,clinic
1659524486,16,clinic
1659536944,1,clinic
1659537280,6,clinic
1659538858,12,clinic
1659559573,2,clinic
1659570141,3,clinic
1659590644,11,clinic
1659688331,2,clinic
1659698124,9,clinic
1659705424,2,clinic
1659725901,1,clinic
1659777514,2,clinic
1659787554,4,clinic
1659806743,1,clinic
1659856060,8,clinic
1659858017,1,clinic
1659868297,5,clinic
1669003729,1,clinic
1669012597,1,clinic
1669401279,2,clinic
1669403846,1,clinic
1669405072,1,clinic
1669408928,2,clinic
1669417838,1,clinic
1669418851,2,clinic
1669420501,1,clinic
1669423380,1,clinic
1669424354,1,clinic
1669426631,1,clinic
1669427258,5,clinic
1669429635,1,clinic
1669431219,11,clinic
1669445375,1,clinic
1669446324,2,clinic
1669447223,1,clinic
1669456299,10,clinic
1669461281,4,clinic
1669462362,1,clinic
1669462420,2,clinic
1669466561,2,clinic
1669472387,5,clinic
1669477089,1,clinic
1669480323,1,clinic
1669488250,1,clinic
1669490603,1,clinic
1669493664,3,clinic
1669524187,1,clinic
1669538047,1,clinic
1669556072,20,clinic
1669565180,1,clinic
1669567897,3,clinic
1669568572,2,clinic
1669568747,3,clinic
1669576385,2,clinic
1669577094,6,clinic
1669585964,30,clinic
1669655601,2,clinic
1669673646,15,clinic
1669732178,2,clinic
1669798815,2,clinic
1669821161,32,clinic
1669823092,3,clinic
1669868923,2,clinic
1669870937,1,clinic
1669871844,3,clinic
1669882940,9,clinic
1669938437,4,clinic
1669991279,2,clinic
1669991675,2,clinic
1669998852,4,clinic
1679001028,7,clinic
1679020150,3,clinic
1679036313,6,clinic
1679121024,7,clinic
1679137111,1,clinic
1679173306,1,clinic
1679508816,1,clinic
1679511463,1,clinic
1679520258,2,clinic
1679525919,1,clinic
1679528889,1,clinic
1679535496,1,clinic
1679536809,4,clinic
1679537666,1,clinic
1679541031,1,clinic
1679543672,1,clinic
1679544555,1,clinic
1679545966,8,clinic
1679553531,3,clinic
1679553994,1,clinic
1679557888,1,clinic
1679561088,1,clinic
1679563290,2,clinic
1679566582,2,clinic
1679578066,1,clinic
1679587679,16,clinic
1679592380,1,clinic
1679602668,1,clinic
1679632137,12,clinic
1679637482,1,clinic
1679648661,1,clinic
1679654404,3,clinic
1679659585,2,clinic
1679660617,1,clinic
1679664395,11,clinic
1679678486,20,clinic
1679678767,2,clinic
1679679146,5,clinic
1679686992,3,clinic
1679758460,1,clinic
1679816201,13,clinic
1679819387,3,clinic
1679847503,4,clinic
1679867170,2,clinic
1679879589,1,clinic
1679924005,8,clinic
1689011280,5,clinic
1689035628,3,clinic
1689098790,26,clinic
1689121188,2,clinic
1689130338,3,clinic
1689173981,5,clinic
1689195786,3,clinic
1689602104,1,clinic
1689611501,4,clinic
1689614521,1,clinic
1689621450,25,clinic
1689624686,2,clinic
1689624942,7,clinic
1689625568,3,clinic
1689625907,2,clinic
1689625980,2,clinic
1689628232,2,clinic
1689628984,2,clinic
1689630865,3,clinic
1689635138,2,clinic
1689640500,1,clinic
1689641680,3,clinic
1689650921,1,clinic
1689664179,1,clinic
1689665267,2,clinic
1689665754,1,clinic
1689672693,15,clinic
1689676835,5,clinic
1689677320,2,clinic
1689682452,3,clinic
1689691214,1,clinic
1689695405,1,clinic
1689696148,3,clinic
1689699597,2,clinic
1689720435,1,clinic
1689744450,11,clinic
1689755670,2,clinic
1689760092,6,clinic
1689761942,5,clinic
1689769911,7,clinic
1689773756,1,clinic
1689775736,6,clinic
1689779324,1,clinic
1689781346,1,clinic
1689787954,1,clinic
1689857385,5,clinic
1689863771,6,clinic
1689984668,5,clinic
1699000273,1,clinic
1699008029,4,clinic
1699013565,2,clinic
1699019216,4,clinic
1699110155,3,clinic
1699129601,7,clinic
1699217729,2,clinic
1699235374,1,clinic
1699239780,1,clinic
1699286922,3,clinic
1699288449,7,clinic
1699322164,2,clinic
1699365254,1,clinic
1699708743,1,clinic
1699709576,2,clinic
1699716027,2,clinic
1699718437,3,clinic
1699721589,5,clinic
1699726406,2,clinic
1699738088,3,clinic
1699745893,4,clinic
1699749531,2,clinic
1699752915,16,clinic
1699752923,1,clinic
1699756221,4,clinic
1699757401,1,clinic
1699758086,1,clinic
1699766592,1,clinic
1699772541,2,clinic
1699776146,1,clinic
1699779017,2,clinic
1699819003,5,clinic
1699829887,28,clinic
1699829929,8,clinic
1699856260,1,clinic
1699859223,4,clinic
1699884858,10,clinic
1699926113,2,clinic
1699939421,1,clinic
1699959387,8,clinic
1699973685,2,clinic
1700037801,1,clinic
1700216843,8,clinic
1700219037,2,clinic
1700237146,23,clinic
1700259165,5,clinic
1700270113,2,clinic
1700302197,3,clinic
1700351947,1,clinic
1700384385,1,clinic
1700388584,7,clinic
1700407541,1,clinic
1700429917,2,clinic
1700438660,1,clinic
1700485281,2,clinic
1700495389,8,clinic
1700805157,1,clinic
1700805678,4,clinic
1700809829,8,clinic
1700817756,3,clinic
1700821808,1,clinic
1700824398,3,clinic
1700825262,2,clinic
1700826575,1,clinic
1700827896,1,clinic
1700828712,4,clinic
1700829199,12,clinic
1700831724,3,clinic
1700836285,7,clinic
1700837812,3,clinic
1700851649,9,clinic
1700854288,1,clinic
1700858560,3,clinic
1700860491,1,clinic
1700864352,3,clinic
1700864709,1,clinic
1700869492,3,clinic
1700870672,5,clinic
1700874062,3,clinic
1700882578,3,clinic
1700885076,6,clinic
1700886322,8,clinic
1700886652,1,clinic
1700909983,1,clinic
1700910189,9,clinic
1700950060,1,clinic
1700959905,1,clinic
1700963048,2,clinic
1700965696,1,clinic
1700975083,1,clinic
1700978558,11,clinic
1700980026,1,clinic
1700985116,1,clinic
1700991700,2,clinic
1700994845,1,clinic
1710025077,1,clinic
1710052501,1,clinic
1710063870,6,clinic
1710070701,1,clinic
1710075361,3,clinic
1710093521,18,clinic
1710160445,2,clinic
1710165626,2,clinic
1710196571,1,clinic
1710237599,2,clinic
1710291372,1,clinic
1710360474,2,clinic
1710389929,1,clinic
1710396932,1,clinic
1710417761,2,clinic
1710442801,5,clinic
1710499462,3,clinic
1710901178,2,clinic
1710906565,1,clinic
1710909585,1,clinic
1710913140,4,clinic
1710913462,2,clinic
1710918545,1,clinic
1710927231,5,clinic
1710931522,1,clinic
1710931985,3,clinic
1710932470,1,clinic
1710938949,1,clinic
1710939459,1,clinic
1710941356,2,clinic
1710944616,1,clinic
1710945910,2,clinic
1710958228,6,clinic
1710958251,2,clinic
1710958574,1,clinic
1710970140,1,clinic
1710984299,4,clinic
1710992433,1,clinic
1710993167,4,clinic
1720001928,10,clinic
1720004450,3,clinic
1720011810,3,clinic
1720011828,3,clinic
1720021074,1,clinic
1720022379,1,clinic
1720022445,1,clinic
1720025919,2,clinic
1720029333,1,clinic
1720031636,1,clinic
1720031701,1,clinic
1720032345,1,clinic
1720038946,1,clinic
1720039068,1,clinic
1720040132,1,clinic
1720042203,8,clinic
1720042948,1,clinic
1720059215,1,clinic
1720062524,1,clinic
1720078082,1,clinic
1720078702,2,clinic
1720084999,2,clinic
1720085137,4,clinic
1720088354,6,clinic
1720088412,1,clinic
1720094550,2,clinic
1720098791,3,clinic
1720099286,19,clinic
1720142565,1,clinic
1720147366,1,clinic
1720151137,29,clinic
1720158009,1,clinic
1720160278,1,clinic
1720163025,1,clinic
1720170939,1,clinic
1720183023,2,clinic
1720191059,1,clinic
1720266638,1,clinic
1720306343,4,clinic
1720312127,2,clinic
1720345663,2,clinic
1720359326,3,clinic
1720364037,2,clinic
1720373103,1,clinic
1720390289,1,clinic
1720480627,6,clinic
1720483829,5,clinic
1720509722,1,clinic
1720537178,8,clinic
1720589328,1,clinic
1720601586,1,clinic
1720623853,2,clinic
1720684053,5,clinic
1730106162,1,clinic
1730110826,2,clinic
1730112251,2,clinic
1730113341,2,clinic
1730114703,2,clinic
1730120726,1,clinic
1730121104,39,clinic
1730121633,2,clinic
1730130238,1,clinic
1730133463,8,clinic
1730134495,2,clinic
1730136532,17,clinic
1730145392,1,clinic
1730158981,2,clinic
1730166224,15,clinic
1730171265,9,clinic
1730173550,1,clinic
1730179714,6,clinic
1730184342,3,clinic
1730185232,3,clinic
1730197765,2,clinic
1730199647,2,clinic
1730237603,1,clinic
1730243536,9,clinic
1730245135,2,clinic
1730258971,1,clinic
1730278417,3,clinic
1730330838,14,clinic
1730333758,4,clinic
1730346784,1,clinic
1730378498,1,clinic
1730494816,1,clinic
1730505199,9,clinic
1730511254,1,clinic
1730566027,1,clinic
1730601865,3,clinic
1730628827,7,clinic
1730643131,15,clinic
1730684853,4,clinic
1730692344,4,clinic
1730692641,1,clinic
1730692773,16,clinic
1730697350,1,clinic
1730710898,5,clinic
1730711847,3,clinic
1730788399,1,clinic
1740208081,3,clinic
1740215219,1,clinic
1740220680,6,clinic
1740223882,1,clinic
1740228881,7,clinic
1740230549,1,clinic
1740230648,4,clinic
1740233782,12,clinic
1740233899,3,clinic
1740238641,2,clinic
1740239557,1,clinic
1740249739,1,clinic
1740252592,1,clinic
1740258318,2,clinic
1740261213,1,clinic
1740272095,1,clinic
1740273994,3,clinic
1740287911,6,clinic
1740288505,6,clinic
1740295591,1,clinic
1740296508,3,clinic
1740309970,7,clinic
1740325919,4,clinic
1740348929,5,clinic
1740360288,1,clinic
1740368851,10,clinic
1740378637,1,clinic
1740413798,6,clinic
1740440932,2,clinic
1740450121,24,clinic
1740452820,2,clinic
1740488386,2,clinic
1740603422,1,clinic
1740604636,4,clinic
1740653955,1,clinic
1740698109,1,clinic
1740747559,3,clinic
1740772268,9,clinic
1740791748,1,clinic
1740828912,2,clinic
1740876382,7,clinic
1750308763,5,clinic
1750317764,1,clinic
1750328662,1,clinic
1750332565,4,clinic
1750334090,5,clinic
1750336608,1,clinic
1750346151,2,clinic
1750352746,1,clinic
1750353462,5,clinic
1750354676,2,clinic
1750358297,1,clinic
1750364634,6,clinic
1750365375,1,clinic
1750371522,2,clinic
1750380739,2,clinic
1750381281,9,clinic
1750384079,1,clinic
1750385571,2,clinic
1750387031,1,clinic
1750392304,2,clinic
1750392502,1,clinic
1750395737,1,clinic
1750399192,7,clinic
1750455168,2,clinic
1750466363,1,clinic
1750467932,1,clinic
1750482444,1,clinic
1750488995,2,clinic
1750491247,2,clinic
1750527768,1,clinic
1750627089,2,clinic
1750702312,1,clinic
1750713012,1,clinic
1750749313,2,clinic
1750776571,1,clinic
1750780342,13,clinic
1750788238,7,clinic
1750803797,1,clinic
1750881017,1,clinic
1750891792,1,clinic
1750894648,1,clinic
1750971982,24,clinic
1750988770,20,clinic
1760017099,12,clinic
1760075865,3,clinic
1760402424,6,clinic
1760407407,1,clinic
1760414783,1,clinic
1760417646,1,clinic
1760419527,3,clinic
1760420103,1,clinic
1760426969,2,clinic
1760427157,4,clinic
1760436216,5,clinic
1760436810,1,clinic
1760443980,1,clinic
1760446009,2,clinic
1760453328,1,clinic
1760455109,1,clinic
1760472799,2,clinic
1760479331,8,clinic
1760488266,3,clinic
1760489223,2,clinic
1760489470,1,clinic
1760492714,3,clinic
1760498588,10,clinic
1760510937,2,clinic
1760529341,7,clinic
1760531404,1,clinic
1760542732,1,clinic
1760549562,8,clinic
1760567085,6,clinic
1760567515,3,clinic
1760568752,3,clinic
1760574321,1,clinic
1760581763,1,clinic
1760584122,2,clinic
1760599344,9,clinic
1760623888,8,clinic
1760631238,3,clinic
1760664643,1,clinic
1760764849,3,clinic
1760773774,3,clinic
1760859334,8,clinic
1760973044,2,clinic
1760994412,3,clinic
1770004772,3,clinic
1770100349,4,clinic
1770118879,1,clinic
1770147118,1,clinic
1770502635,1,clinic
1770506024,2,clinic
1770514077,4,clinic
1770515991,3,clinic
1770522906,7,clinic
1770527236,4,clinic
1770532319,4,clinic
1770532608,2,clinic
1770536112,1,clinic
1770536120,17,clinic
1770541419,2,clinic
1770542904,1,clinic
1770543399,3,clinic
1770554305,2,clinic
1770559726,1,clinic
1770579591,2,clinic
1770580581,3,clinic
1770581118,1,clinic
1770581894,14,clinic
1770585382,1,clinic
1770587107,4,clinic
1770589533,5,clinic
1770612756,4,clinic
1770645202,1,clinic
1770668568,4,clinic
1770684284,4,clinic
1770690174,1,clinic
1770693954,2,clinic
1770696643,5,clinic
1770722332,1,clinic
1770740359,1,clinic
1770785149,2,clinic
1770802217,1,clinic
1770821571,4,clinic
1770901761,2,clinic
1770957185,4,clinic
1780025148,1,clinic
1780108951,4,clinic
1780168971,1,clinic
1780183145,1,clinic
1780183335,4,clinic
1780231563,5,clinic
1780236992,20,clinic
1780270371,1,clinic
1780297598,5,clinic
1780600577,1,clinic
1780608216,4,clinic
1780615492,2,clinic
1780628354,9,clinic
1780638833,9,clinic
1780641373,4,clinic
1780642660,1,clinic
1780650473,2,clinic
1780653865,4,clinic
1780654939,1,clinic
1780655670,3,clinic
1780673376,3,clinic
1780676221,1,clinic
1780677039,3,clinic
1780688333,1,clinic
1780689489,2,clinic
1780692087,2,clinic
1780725903,4,clinic
1780743674,1,clinic
1780745885,3,clinic
1780746420,7,clinic
1780748152,4,clinic
1780748871,6,clinic
1780752352,4,clinic
1780756627,1,clinic
1780757856,17,clinic
1780761866,13,clinic
1780762120,3,clinic
1780763284,23,clinic
1780768416,5,clinic
1780781054,1,clinic
1780789115,1,clinic
1780837435,1,clinic
1780880971,3,clinic
1780892307,3,clinic
1780926964,2,clinic
1780943167,1,clinic
1790147106,1,clinic
1790174860,3,clinic
1790197945,1,clinic
1790219616,3,clinic
1790252674,1,clinic
1790297455,6,clinic
1790319580,6,clinic
1790343580,2,clinic
1790376564,6,clinic
1790700904,2,clinic
1790706901,1,clinic
1790717650,2,clinic
1790721769,9,clinic
1790722346,3,clinic
1790722825,4,clinic
1790727550,2,clinic
1790732303,16,clinic
1790736767,2,clinic
1790739977,2,clinic
1790740884,1,clinic
1790747160,6,clinic
1790747780,14,clinic
1790751055,1,clinic
1790756203,1,clinic
1790761138,1,clinic
1790767812,1,clinic
1790773158,2,clinic
1790775229,1,clinic
1790777696,1,clinic
1790782704,1,clinic
1790785996,1,clinic
1790788578,3,clinic
1790798387,1,clinic
1790803369,1,clinic
1790816395,1,clinic
1790840056,1,clinic
1790889400,2,clinic
1790904225,1,clinic
1790916096,2,clinic
1801005210,1,clinic
1801062310,1,clinic
1801152566,1,clinic
1801191853,2,clinic
1801212055,2,clinic
1801284617,8,clinic
1801301437,1,clinic
1801319983,3,clinic
1801320718,7,clinic
1801331350,4,clinic
1801331889,1,clinic
1801366711,18,clinic
1801403092,7,clinic
1801405519,1,clinic
1801429030,3,clinic
1801452941,4,clinic
1801457510,1,clinic
1801805502,1,clinic
1801817135,3,clinic
1801821376,1,clinic
1801823349,1,clinic
1801825005,2,clinic
1801826839,1,clinic
1801831102,7,clinic
1801842067,1,clinic
1801845714,1,clinic
1801847066,2,clinic
1801851258,4,clinic
1801852736,1,clinic
1801852835,2,clinic
1801861190,6,clinic
1801872759,4,clinic
1801874771,1,clinic
1801883780,12,clinic
1801884655,3,clinic
1801885413,8,clinic
1801889035,1,clinic
1801891809,9,clinic
1801926514,1,clinic
1801957667,1,clinic
1801963343,2,clinic
1801973052,1,clinic
1801976857,1,clinic
1801990825,1,clinic
1801994744,3,clinic
1811001613,2,clinic
1811006661,4,clinic
1811036726,8,clinic
1811044340,3,clinic
1811054166,7,clinic
1811075484,1,clinic
1811077431,1,clinic
1811080526,2,clinic
1811091903,1,clinic
1811096423,2,clinic
1811097223,8,clinic
1811108822,2,clinic
1811152291,2,clinic
1811156326,8,clinic
1811158215,5,clinic
1811253206,1,clinic
1811318801,2,clinic
1811336902,1,clinic
1811341167,3,clinic
1811342322,12,clinic
1811347651,1,clinic
1811406051,5,clinic
1811901531,1,clinic
1811904063,30,clinic
1811905375,1,clinic
1811912009,2,clinic
1811913460,2,clinic
1811916901,1,clinic
1811922347,1,clinic
1811927544,5,clinic
1811929151,4,clinic
1811939887,1,clinic
1811941834,23,clinic
1811942238,2,clinic
1811946734,10,clinic
1811951429,1,clinic
1811960537,1,clinic
1811961758,1,clinic
1811962756,2,clinic
1811968993,3,clinic
1811977796,1,clinic
1811979610,1,clinic
1811982432,4,clinic
1811984388,3,clinic
1811991227,2,clinic
1811994809,1,clinic
1811995186,3,clinic
1821002007,10,clinic
1821004151,1,clinic
1821007881,1,clinic
1821016536,1,clinic
1821019571,2,clinic
1821019605,1,clinic
1821025990,1,clinic
1821032525,4,clinic
1821033903,18,clinic
1821035882,2,clinic
1821035940,1,clinic
1821035957,1,clinic
1821042870,3,clinic
1821042979,3,clinic
1821049172,1,clinic
1821052929,5,clinic
1821060930,3,clinic
1821066820,1,clinic
1821068750,1,clinic
1821074196,1,clinic
1821078494,2,clinic
1821082918,1,clinic
1821091851,1,clinic
1821096322,1,clinic
1821099441,3,clinic
1821101239,3,clinic
1821103516,1,clinic
1821130741,1,clinic
1821135963,5,clinic
1821147786,2,clinic
1821161167,1,clinic
1821184888,2,clinic
1821196486,1,clinic
1821221144,5,clinic
1821250762,1,clinic
1821425612,1,clinic
1821439183,4,clinic
1831103449,1,clinic
1831103654,2,clinic
1831108497,4,clinic
1831112358,7,clinic
1831115641,7,clinic
1831116441,2,clinic
1831128602,2,clinic
1831140979,1,clinic
1831143080,2,clinic
1831143890,5,clinic
1831144716,3,clinic
1831146331,1,clinic
1831151257,13,clinic
1831157288,1,clinic
1831162544,1,clinic
1831183748,1,clinic
1831189638,3,clinic
1831193499,4,clinic
1831218601,1,clinic
1831220714,4,clinic
1831242114,2,clinic
1831251826,7,clinic
1831280957,1,clinic
1831300946,9,clinic
1831339779,2,clinic
1831412030,2,clinic
1831634989,1,clinic
1831638238,5,clinic
1831720556,5,clinic
1831798719,1,clinic
1841200623,1,clinic
1841203031,6,clinic
1841204500,1,clinic
1841215985,1,clinic
1841224870,1,clinic
1841231461,1,clinic
1841237930,6,clinic
1841241833,3,clinic
1841241841,1,clinic
1841258639,10,clinic
1841264868,2,clinic
1841268877,1,clinic
1841274057,1,clinic
1841277704,6,clinic
1841281680,5,clinic
1841282852,1,clinic
1841288644,1,clinic
1841290467,2,clinic
1841298999,2,clinic
1841299039,2,clinic
1841354677,1,clinic
1841361276,1,clinic
1841371739,1,clinic
1841387164,1,clinic
1841390077,6,clinic
1841394418,8,clinic
1841449501,2,clinic
1841497153,2,clinic
1841505021,6,clinic
1841562709,3,clinic
1841611126,1,clinic
1841680691,20,clinic
1841696754,7,clinic
1841711942,7,clinic
1841755436,2,clinic
1841886959,1,clinic
1841898293,1,clinic
1851305296,1,clinic
1851320394,3,clinic
1851334734,1,clinic
1851343909,1,clinic
1851344188,2,clinic
1851362669,1,clinic
1851363154,3,clinic
1851369243,11,clinic
1851369284,4,clinic
1851381990,2,clinic
1851390132,1,clinic
1851390967,1,clinic
1851395263,4,clinic
1851396576,2,clinic
1851401756,5,clinic
1851403265,1,clinic
1851410104,4,clinic
1851416838,1,clinic
1851440218,33,clinic
1851464721,1,clinic
1851477913,1,clinic
1851486708,2,clinic
1851530984,1,clinic
1851549273,1,clinic
1851619241,1,clinic
1851632616,2,clinic
1851678585,2,clinic
1851686059,6,clinic
1851718654,7,clinic
1851738959,9,clinic
1851749865,1,clinic
1851787295,4,clinic
1851817308,1,clinic
1851832315,1,clinic
1851847693,2,clinic
1851921571,2,clinic
1851927669,3,clinic
1851940035,1,clinic
1851949408,8,clinic
1861036386,26,clinic
1861045445,8,clinic
1861408643,2,clinic
1861409823,5,clinic
1861417362,2,clinic
1861423238,1,clinic
1861431751,3,clinic
1861432726,1,clinic
1861435042,3,clinic
1861444333,8,clinic
1861447179,3,clinic
1861450579,1,clinic
1861462442,1,clinic
1861479545,1,clinic
1861486870,4,clinic
1861487779,2,clinic
1861488579,2,clinic
1861496697,1,clinic
1861506560,1,clinic
1861510521,1,clinic
1861522088,2,clinic
1861545683,1,clinic
1861554438,18,clinic
1861575938,6,clinic
1861577306,1,clinic
1861614224,2,clinic
1861628752,1,clinic
1861630287,2,clinic
1861635971,4,clinic
1861652604,3,clinic
1861660920,1,clinic
1861670903,2,clinic
1861690364,10,clinic
1861744138,8,clinic
1861765034,1,clinic
1861807760,4,clinic
1861904625,2,clinic
1871102525,4,clinic
1871132365,4,clinic
1871269480,1,clinic
1871501916,5,clinic
1871504159,3,clinic
1871511949,1,clinic
1871512814,2,clinic
1871530832,2,clinic
1871534958,1,clinic
1871549949,2,clinic
1871556217,2,clinic
1871560516,1,clinic
1871581314,22,clinic
1871588772,11,clinic
1871596403,7,clinic
1871599183,6,clinic
1871600981,1,clinic
1871606269,14,clinic
1871606764,2,clinic
1871609396,2,clinic
1871616292,2,clinic
1871619254,7,clinic
1871655993,5,clinic
1871657759,1,clinic
1871660159,1,clinic
1871665380,1,clinic
1871678458,3,clinic
1871680496,1,clinic
1871815605,4,clinic
1871859306,1,clinic
1871911016,1,clinic
1871914291,3,clinic
1871917971,8,clinic
1871918870,7,clinic
1871919381,3,clinic
1871934877,19,clinic
1871937144,6,clinic
1871953802,1,clinic
1871977942,5,clinic
1881074102,11,clinic
1881144889,11,clinic
1881200178,2,clinic
1881202018,1,clinic
1881227015,1,clinic
1881241636,1,clinic
1881629434,6,clinic
1881635993,1,clinic
1881638880,2,clinic
1881640183,1,clinic
1881641421,2,clinic
1881641629,5,clinic
1881648855,3,clinic
1881648863,6,clinic
1881665164,1,clinic
1881668721,1,clinic
1881688976,6,clinic
1881689289,3,clinic
1881690949,1,clinic
1881697043,4,clinic
1881697316,1,clinic
1881701217,4,clinic
1881741486,2,clinic
1881751089,1,clinic
1881751139,1,clinic
1881751386,1,clinic
1881760452,2,clinic
1881772713,4,clinic
1881780302,1,clinic
1881789659,1,clinic
1881792547,2,clinic
1881793750,3,clinic
1881797371,6,clinic
1881811107,1,clinic
1881834927,1,clinic
1881956167,4,clinic
1881977593,3,clinic
1881983039,1,clinic
1891059127,16,clinic
1891060828,6,clinic
1891075446,1,clinic
1891104717,4,clinic
1891120648,3,clinic
1891186516,1,clinic
1891187035,12,clinic
1891210639,1,clinic
1891213179,1,clinic
1891294518,3,clinic
1891298980,1,clinic
1891343455,1,clinic
1891366613,1,clinic
1891710893,1,clinic
1891718375,1,clinic
1891731998,6,clinic
1891732905,5,clinic
1891732988,8,clinic
1891738365,1,clinic
1891753034,1,clinic
1891755351,1,clinic
1891756920,11,clinic
1891765178,7,clinic
1891766051,2,clinic
1891769998,8,clinic
1891770368,4,clinic
1891776415,4,clinic
1891781837,2,clinic
1891782470,1,clinic
1891789772,1,clinic
1891795415,1,clinic
1891796108,2,clinic
1891808499,11,clinic
1891835351,3,clinic
1891873337,3,clinic
1891882833,4,clinic
1891888558,7,clinic
1891891792,8,clinic
1891938122,1,clinic
1891940326,26,clinic
1891966065,1,clinic
1891973939,2,clinic
1902051816,1,clinic
1902089634,1,clinic
1902140692,1,clinic
1902162639,9,clinic
1902219348,1,clinic
1902243280,1,clinic
1902294127,1,clinic
1902338049,6,clinic
1902366305,1,clinic
1902429590,1,clinic
1902453970,2,clinic
1902468085,5,clinic
1902802861,1,clinic
1902805716,2,clinic
1902818883,6,clinic
1902824576,3,clinic
1902824758,5,clinic
1902825169,8,clinic
1902832306,12,clinic
1902836943,9,clinic
1902844988,1,clinic
1902851009,7,clinic
1902852841,12,clinic
1902857766,2,clinic
1902860414,13,clinic
1902865355,2,clinic
1902865389,3,clinic
1902868391,1,clinic
1902870132,1,clinic
1902879612,1,clinic
1902881295,9,clinic
1902891682,1,clinic
1902893415,1,clinic
1902897820,4,clinic
1902941628,3,clinic
1902948821,3,clinic
1902960313,1,clinic
1902976913,1,clinic
1902983000,2,clinic
1902988686,6,clinic
1912007931,1,clinic
1912079039,7,clinic
1912085184,2,clinic
1912109919,2,clinic
1912131319,1,clinic
1912171323,18,clinic
1912246786,8,clinic
1912249590,11,clinic
1912282369,7,clinic
1912303579,2,clinic
1912305749,13,clinic
1912334517,4,clinic
1912341439,2,clinic
1912341629,1,clinic
1912472929,3,clinic
1912501529,1,clinic
1912677295,1,clinic
1912904210,6,clinic
1912906298,8,clinic
1912915893,1,clinic
1912919481,1,clinic
1912930488,2,clinic
1912937624,2,clinic
1912943184,1,clinic
1912945775,3,clinic
1912946625,2,clinic
1912947490,4,clinic
1912947748,25,clinic
1912948308,2,clinic
1912948845,4,clinic
1912950114,1,clinic
1912954553,1,clinic
1912964768,3,clinic
1912967373,1,clinic
1912969064,1,clinic
1912978685,1,clinic
1912992215,2,clinic
1912992553,1,clinic
1922002674,10,clinic
1922018092,5,clinic
1922024835,1,clinic
1922032424,1,clinic
1922033547,5,clinic
1922034776,3,clinic
1922042704,1,clinic
1922043744,1,clinic
1922053107,1,clinic
1922058551,1,clinic
1922062017,1,clinic
1922090554,1,clinic
1922095116,2,clinic
1922116037,2,clinic
1922127299,4,clinic
1922139120,3,clinic
1922144757,1,clinic
1922177229,11,clinic
1922178789,2,clinic
1922182138,1,clinic
1922195510,9,clinic
1922263797,1,clinic
1922300649,4,clinic
1922310200,13,clinic
1922353754,1,clinic
1922378215,1,clinic
1922404284,4,clinic
1922409788,2,clinic
1922438472,9,clinic
1922556778,1,clinic
1922563485,3,clinic
1932108214,2,clinic
1932109048,4,clinic
1932112125,1,clinic
1932117173,1,clinic
1932117975,1,clinic
1932123247,2,clinic
1932123452,2,clinic
1932131489,8,clinic
1932138823,1,clinic
1932140969,1,clinic
1932143989,1,clinic
1932145505,1,clinic
1932146461,2,clinic
1932151487,1,clinic
1932152337,2,clinic
1932157385,3,clinic
1932160082,1,clinic
1932172293,3,clinic
1932182599,2,clinic
1932200623,9,clinic
1932204385,1,clinic
1932204427,2,clinic
1932208576,1,clinic
1932213600,22,clinic
1932258415,6,clinic
1932261039,2,clinic
1932278140,1,clinic
1932284411,1,clinic
1932286077,1,clinic
1932390218,2,clinic
1932396017,2,clinic
1932411493,1,clinic
1932472255,2,clinic
1932489713,2,clinic
1932543428,7,clinic
1932553385,3,clinic
1932595659,1,clinic
1932695525,1,clinic
1932713666,1,clinic
1932722188,2,clinic
1942205166,5,clinic
1942208616,3,clinic
1942217054,2,clinic
1942218581,2,clinic
1942223482,1,clinic
1942231642,2,clinic
1942236427,2,clinic
1942238555,8,clinic
1942239751,3,clinic
1942241955,1,clinic
1942246848,1,clinic
1942247044,2,clinic
1942250394,8,clinic
1942251459,1,clinic
1942253398,5,clinic
1942253547,1,clinic
1942254529,3,clinic
1942256888,3,clinic
1942257423,1,clinic
1942267760,4,clinic
1942267869,8,clinic
1942269725,2,clinic
1942273552,3,clinic
1942277769,2,clinic
1942279500,2,clinic
1942281266,3,clinic
1942283866,8,clinic
1942298153,6,clinic
1942314448,1,clinic
1942319199,1,clinic
1942326970,1,clinic
1942364781,1,clinic
1942370754,4,clinic
1942379284,1,clinic
1942383781,10,clinic
1942385554,12,clinic
1942399829,10,clinic
1942404165,2,clinic
1942416946,1,clinic
1942429733,9,clinic
1942442710,2,clinic
1942471065,1,clinic
1942471404,4,clinic
1942778824,1,clinic
1942795133,1,clinic
1942819479,3,clinic
1942857784,1,clinic
1942875034,7,clinic
1942895081,10,clinic
1952301863,1,clinic
1952303778,3,clinic
1952307688,1,clinic
1952309098,2,clinic
1952311243,7,clinic
1952312043,2,clinic
1952312050,2,clinic
1952319840,2,clinic
1952324899,4,clinic
1952340994,17,clinic
1952349870,1,clinic
1952359036,1,clinic
1952370348,1,clinic
1952374852,1,clinic
1952379547,1,clinic
1952385221,1,clinic
1952390239,1,clinic
1952445959,2,clinic
1952447013,2,clinic
1952450082,1,clinic
1952476988,30,clinic
1952482275,1,clinic
1952538431,3,clinic
1952550071,1,clinic
1952703472,1,clinic
1952723967,5,clinic
1952769119,7,clinic
1952796617,3,clinic
1952839201,18,clinic
1952866634,2,clinic
1952890873,1,clinic
1952907164,14,clinic
1952908253,1,clinic
1952961138,7,clinic
1962008383,7,clinic
1962401497,5,clinic
1962402354,1,clinic
1962403865,6,clinic
1962406389,1,clinic
1962407460,1,clinic
1962423574,1,clinic
1962425611,1,clinic
1962435792,7,clinic
1962444059,1,clinic
1962446385,3,clinic
1962455816,4,clinic
1962455964,15,clinic
1962458521,1,clinic
1962461681,10,clinic
1962462226,15,clinic
1962472548,4,clinic
1962472860,1,clinic
1962480772,12,clinic
1962492660,2,clinic
1962493403,12,clinic
1962512863,2,clinic
1962512871,2,clinic
1962537407,2,clinic
1962572396,1,clinic
1962580803,4,clinic
1962594317,13,clinic
1962594549,3,clinic
1962689661,1,clinic
1962761379,2,clinic
1962786608,1,clinic
1962809947,6,clinic
1962839316,8,clinic
1962844167,6,clinic
1962855452,8,clinic
1962938191,1,clinic
1962964981,1,clinic
1972001469,11,clinic
1972032209,1,clinic
1972044469,4,clinic
1972063758,1,clinic
1972139004,7,clinic
1972503142,6,clinic
1972503464,7,clinic
1972503647,6,clinic
1972508893,1,clinic
1972511921,5,clinic
1972517365,4,clinic
1972523348,2,clinic
1972527265,1,clinic
1972531218,3,clinic
1972535052,3,clinic
1972541498,1,clinic
1972548568,4,clinic
1972549855,2,clinic
1972557064,1,clinic
1972557379,1,clinic
1972557916,1,clinic
1972560654,1,clinic
1972564730,2,clinic
1972576247,1,clinic
1972577815,24,clinic
1972580363,1,clinic
1972581940,2,clinic
1972586238,4,clinic
1972589489,6,clinic
1972591410,1,clinic
1972604460,2,clinic
1972606465,6,clinic
1972620292,4,clinic
1972675155,2,clinic
1972709970,1,clinic
1972743011,1,clinic
1972743425,6,clinic
1972779957,2,clinic
1972878361,1,clinic
1972899987,5,clinic
1972909109,1,clinic
1982044707,8,clinic
1982110458,9,clinic
1982150009,3,clinic
1982604021,3,clinic
1982609558,1,clinic
1982611281,1,clinic
1982614509,1,clinic
1982650024,3,clinic
1982652343,1,clinic
1982658035,1,clinic
1982658407,10,clinic
1982666111,2,clinic
1982675955,1,clinic
1982681748,7,clinic
1982695441,2,clinic
1982697678,2,clinic
1982710703,1,clinic
1982719621,2,clinic
1982733655,2,clinic
1982761425,1,clinic
1982779039,1,clinic
1982779641,1,clinic
1982800397,1,clinic
1982873352,13,clinic
1982920773,2,clinic
1982961439,1,clinic
1982973442,2,clinic
1992022297,4,clinic
1992055305,6,clinic
1992096192,1,clinic
1992103857,1,clinic
1992131320,6,clinic
1992176655,2,clinic
1992248918,8,clinic
1992255392,4,clinic
1992342265,2,clinic
1992701429,10,clinic
1992701825,4,clinic
1992706162,13,clinic
1992707608,1,clinic
1992709661,2,clinic
1992713564,3,clinic
1992715510,1,clinic
1992721161,2,clinic
1992727663,2,clinic
1992730261,1,clinic
1992736458,1,clinic
1992736599,4,clinic
1992737761,1,clinic
1992738959,1,clinic
1992744536,1,clinic
1992747125,3,clinic
1992747570,8,clinic
1992749691,1,clinic
1992751879,7,clinic
1992752133,2,clinic
1992759419,7,clinic
1992760342,2,clinic
1992761985,1,clinic
1992767511,1,clinic
1992776405,15,clinic
1992778617,1,clinic
1992808372,1,clinic
1992809305,6,clinic
1992812333,2,clinic
1992812382,4,clinic
1992851331,1,clinic
1992853881,1,clinic
1992870430,3,clinic
1992876767,4,clinic
1992904163,1,clinic
1992934137,2,clinic
1992947956,1,clinic
